-- phpMyAdmin SQL Dump
-- version 4.6.3
-- https://www.phpmyadmin.net/
--
-- Host: localhost
-- Generation Time: Mar 15, 2017 at 04:12 AM
-- Server version: 5.5.31
-- PHP Version: 5.6.30

SET SQL_MODE = "NO_AUTO_VALUE_ON_ZERO";
SET time_zone = "+00:00";


/*!40101 SET @OLD_CHARACTER_SET_CLIENT=@@CHARACTER_SET_CLIENT */;
/*!40101 SET @OLD_CHARACTER_SET_RESULTS=@@CHARACTER_SET_RESULTS */;
/*!40101 SET @OLD_COLLATION_CONNECTION=@@COLLATION_CONNECTION */;
/*!40101 SET NAMES utf8mb4 */;

--
-- Database: `xuongkhoph_db`
--

-- --------------------------------------------------------

--
-- Table structure for table `media`
--

CREATE TABLE `media` (
  `id` bigint(20) UNSIGNED NOT NULL,
  `user_id` bigint(20) UNSIGNED NOT NULL,
  `post_id` bigint(20) UNSIGNED NOT NULL DEFAULT '0',
  `term_id` bigint(20) UNSIGNED NOT NULL DEFAULT '0',
  `media_file` varchar(255) NOT NULL,
  `media_name` varchar(255) DEFAULT NULL,
  `media_alias` varchar(255) DEFAULT NULL,
  `media_folder` varchar(255) DEFAULT NULL,
  `created_at` timestamp NOT NULL DEFAULT CURRENT_TIMESTAMP ON UPDATE CURRENT_TIMESTAMP,
  `updated_at` timestamp NOT NULL DEFAULT '0000-00-00 00:00:00'
) ENGINE=InnoDB DEFAULT CHARSET=utf8;

--
-- Dumping data for table `media`
--

INSERT INTO `media` (`id`, `user_id`, `post_id`, `term_id`, `media_file`, `media_name`, `media_alias`, `media_folder`, `created_at`, `updated_at`) VALUES
(1, 1, 0, 3, 'nguyen-nhan-gay-dau-dot-song-lung-1487749081.jpeg', 'Nguyên nhân gây đau đốt sống lưng', 'nguyen-nhan-gay-dau-dot-song-lung', NULL, '2017-02-22 07:41:06', '2017-02-22 00:41:06'),
(2, 1, 0, 7, 'viem-khop-goi-1487753609.jpeg', 'Viêm khớp gối', 'viem-khop-goi', NULL, '2017-02-22 01:53:29', '2017-02-22 01:53:29'),
(3, 1, 0, 7, 'viem-khop-goi-1487753634.jpeg', 'Viêm khớp gối', 'viem-khop-goi', NULL, '2017-02-22 01:53:54', '2017-02-22 01:53:54'),
(4, 1, 0, 8, 'viem-khop-quan-vai-1487753667.jpeg', 'Viêm khớp quan vai', 'viem-khop-quan-vai', NULL, '2017-02-22 01:54:27', '2017-02-22 01:54:27'),
(5, 1, 0, 0, 'trieu-chung-phong-thap-1487754075.jpeg', 'Triệu chứng phong thấp', 'trieu-chung-phong-thap', NULL, '2017-02-22 02:01:15', '2017-02-22 02:01:15'),
(6, 1, 0, 30, 'gioi-thieu-1487831774.jpeg', 'Giới thiệu', 'gioi-thieu', NULL, '2017-02-22 23:36:14', '2017-02-22 23:36:14'),
(7, 1, 0, 30, 'gioi-thieu-1487831788.jpeg', 'Giới thiệu', 'gioi-thieu', NULL, '2017-02-22 23:36:28', '2017-02-22 23:36:28'),
(9, 2, 0, 12, 'viem-xuong-khop-1487995624.jpeg', 'Viêm xương khớp', 'viem-xuong-khop', NULL, '2017-02-24 21:07:04', '2017-02-24 21:07:04'),
(10, 2, 0, 12, 'dau-xuong-khop-1487996239.jpeg', 'Đau xương khớp', 'dau-xuong-khop', NULL, '2017-02-24 21:17:19', '2017-02-24 21:17:19'),
(11, 1, 0, 2, 'chua-dau-dot-song-co-1488007286.jpeg', 'chữa đau đốt sống cổ', 'chua-dau-dot-song-co', NULL, '2017-02-25 00:21:26', '2017-02-25 00:21:26'),
(12, 4, 0, 4, 'chinh-cot-song-dot-song-con-nguoi-1489459138.png', 'Chỉnh cột sống / đốt sống con người', 'chinh-cot-song-dot-song-con-nguoi', NULL, '2017-03-13 19:38:58', '2017-03-13 19:38:58'),
(13, 4, 0, 4, 'giai-phau-cau-truc-cot-song-1489459432.png', 'giải phẫu cấu trúc cột sống', 'giai-phau-cau-truc-cot-song', NULL, '2017-03-13 19:43:52', '2017-03-13 19:43:52'),
(14, 4, 0, 17, 'ikk-1489462640.png', 'ikk', 'ikk', NULL, '2017-03-13 20:37:20', '2017-03-13 20:37:20'),
(15, 4, 0, 4, 'dau-hieu-thoat-vi-dia-dem-1489474924.jpeg', 'Dấu hiệu thoát vị đĩa đệm', 'dau-hieu-thoat-vi-dia-dem', NULL, '2017-03-14 00:02:04', '2017-03-14 00:02:04'),
(16, 4, 0, 4, 'thoat-vi-dia-dem-cot-song-1489475576.jpeg', 'Thoát vị đĩa đệm cột sống', 'thoat-vi-dia-dem-cot-song', NULL, '2017-03-14 00:12:56', '2017-03-14 00:12:56'),
(17, 4, 0, 4, 'thoat-vi-dia-dem-nguyen-nhan-do-dau-1489483287.jpeg', 'thoát vị đĩa đệm nguyên nhân do đâu', 'thoat-vi-dia-dem-nguyen-nhan-do-dau', NULL, '2017-03-14 02:21:27', '2017-03-14 02:21:27'),
(18, 4, 0, 4, 'suc-khoe-xuong-khop-1489483721.jpeg', 'sức khỏe xương khớp', 'suc-khoe-xuong-khop', NULL, '2017-03-14 02:28:41', '2017-03-14 02:28:41'),
(19, 5, 0, 18, 'gai-dot-song-1489483959.jpeg', 'gai dot song', 'gai-dot-song', NULL, '2017-03-14 02:32:39', '2017-03-14 02:32:39'),
(20, 5, 0, 18, 'gai-dot-song-1-1489484031.png', 'gai dot song 1', 'gai-dot-song-1', NULL, '2017-03-14 02:33:51', '2017-03-14 02:33:51'),
(21, 4, 0, 30, 'phong-kham-nhan-ai-1489484370.png', 'Phòng khám nhân ái', 'phong-kham-nhan-ai', NULL, '2017-03-14 02:39:30', '2017-03-14 02:39:30'),
(22, 5, 0, 18, 'gai-dot-song-2-1489484399.png', 'Gai dot song 2', 'gai-dot-song-2', NULL, '2017-03-14 02:39:59', '2017-03-14 02:39:59'),
(23, 4, 0, 4, 'thoat-vi-dia-dem-chen-ep-day-than-kinh-1489484691.jpeg', 'Thoát vị đĩa đệm chèn ép dây thần kinh', 'thoat-vi-dia-dem-chen-ep-day-than-kinh', NULL, '2017-03-14 02:44:51', '2017-03-14 02:44:51'),
(24, 4, 0, 4, 'benh-thoat-vi-dia-dem-1489484862.jpeg', 'Bệnh thoát vị đĩa đệm', 'benh-thoat-vi-dia-dem', NULL, '2017-03-14 02:47:42', '2017-03-14 02:47:42'),
(25, 4, 0, 4, 'hoi-chung-duoi-ngua-do-thoat-vi-1489485642.jpeg', 'Hội chứng đuôi ngựa do thoát vị', 'hoi-chung-duoi-ngua-do-thoat-vi', NULL, '2017-03-14 03:00:42', '2017-03-14 03:00:42'),
(26, 5, 0, 18, 'gai-dot-song-3-1489485760.jpeg', 'Gai dot song 3', 'gai-dot-song-3', NULL, '2017-03-14 03:02:40', '2017-03-14 03:02:40'),
(27, 5, 0, 18, 'gai-dot-song-4-1489486894.png', 'Gai dot song 4', 'gai-dot-song-4', NULL, '2017-03-14 03:21:34', '2017-03-14 03:21:34'),
(28, 4, 0, 4, 'bieu-hien-thoat-vi-dia-dem-1489486903.jpeg', 'Biểu hiện thoát vị đĩa đệm', 'bieu-hien-thoat-vi-dia-dem', NULL, '2017-03-14 03:21:43', '2017-03-14 03:21:43'),
(29, 6, 0, 17, 'chung-loang-xuong-1489544765.jpeg', 'chứng loãng xương', 'chung-loang-xuong', NULL, '2017-03-14 19:26:05', '2017-03-14 19:26:05'),
(30, 6, 0, 17, 'chung-loang-xuong1-1489545032.jpeg', 'chứng loãng xương1', 'chung-loang-xuong1', NULL, '2017-03-14 19:30:32', '2017-03-14 19:30:32'),
(31, 6, 0, 17, 'nhung-tac-hai-nguy-hiem-cua-chung-loang-xuong-1489545860.jpeg', 'Những tác hại nguy hiểm của chứng loãng xương', 'nhung-tac-hai-nguy-hiem-cua-chung-loang-xuong', NULL, '2017-03-14 19:44:20', '2017-03-14 19:44:20'),
(32, 6, 0, 17, 'nhung-tac-hai-nguy-hiem-cua-chung-loang-xuong-1-1489546161.jpeg', 'Những tác hại nguy hiểm của chứng loãng xương 1', 'nhung-tac-hai-nguy-hiem-cua-chung-loang-xuong-1', NULL, '2017-03-14 19:49:21', '2017-03-14 19:49:21');

-- --------------------------------------------------------

--
-- Table structure for table `post`
--

CREATE TABLE `post` (
  `id` bigint(20) UNSIGNED NOT NULL,
  `term_id` bigint(20) UNSIGNED NOT NULL,
  `user_id` bigint(20) UNSIGNED NOT NULL,
  `post_status` tinyint(1) NOT NULL,
  `post_name` varchar(255) NOT NULL,
  `post_alias` varchar(255) NOT NULL,
  `post_avatar` varchar(255) DEFAULT NULL,
  `post_description` text NOT NULL,
  `post_detail` longtext NOT NULL,
  `post_keyword` text,
  `post_comment` longtext,
  `post_view` longtext,
  `post_like` longtext,
  `created_at` timestamp NOT NULL DEFAULT CURRENT_TIMESTAMP ON UPDATE CURRENT_TIMESTAMP,
  `updated_at` timestamp NOT NULL DEFAULT '0000-00-00 00:00:00'
) ENGINE=InnoDB DEFAULT CHARSET=utf8;

--
-- Dumping data for table `post`
--

INSERT INTO `post` (`id`, `term_id`, `user_id`, `post_status`, `post_name`, `post_alias`, `post_avatar`, `post_description`, `post_detail`, `post_keyword`, `post_comment`, `post_view`, `post_like`, `created_at`, `updated_at`) VALUES
(2, 30, 1, 1, 'Địa chỉ phòng khám', 'dia-chi-phong-kham', 'nguyen-nhan-gay-benh-dau-dot-song-co-1487752800.jpeg', 'fdsfds', '<p>&nbsp;</p>\r\n<p>&nbsp;</p>', '', NULL, NULL, NULL, '2017-03-15 03:02:51', '2017-03-14 20:02:51'),
(3, 30, 1, 1, 'GIỚI THIỆU CHUYÊN KHOA XƯƠNG KHỚP PHÒNG KHÁM NHÂN VIỆT', 'gioi-thieu-chuyen-khoa-xuong-khop-phong-kham-nhan-viet', NULL, 'Chuyên khoa xương khớp phòng khám Nhân Ái là cơ sở chuyên điều trị các bệnh về phong thấp, xương khớp.', '<p style="text-align: center;"><span style="font-size: 16px;"><strong><a style="color: #ff0000;" href="http://drt.zoosnet.net/lr/chatpre.aspx?id=drt84001515&amp;lng=en&amp;r=&amp;rf1=http%3A//khoaxuongkhop&amp;rf2=.net/&amp;p=http%3A//khoaxuongkhop.net/phong-kham-nhan-ai/gioi-thieu-chuyen-khoa-xuong-khop-phong-kham-nhan-ai.html&amp;cid=1483607673213378298340&amp;sid=1487813481318352102953" target="_blank" rel="noopener noreferrer"><span style="font-family: arial, helvetica, sans-serif;">&gt;&gt;&gt;Nguồn : Chuy&ecirc;n khoa xương khớp Nh&acirc;n &Aacute;i&nbsp; cick để đăng nhập v&agrave;o ph&ograve;ng kh&aacute;m &lt;&lt;&lt;</span></a></strong></span></p>\r\n<p style="text-align: justify;"><strong><span style="font-size: 14px; font-family: arial, helvetica, sans-serif;">Chuy&ecirc;n khoa xương khớp ph&ograve;ng kh&aacute;m Nh&acirc;n &Aacute;i l&agrave; cơ sở chuy&ecirc;n điều trị c&aacute;c bệnh về phong thấp, xương khớp. Với nhiều năm kinh nghiệm trong nghi&ecirc;m cứu, kh&aacute;m v&agrave; điều trị bệnh xương khớp, tổng hợp được nhiều phương ph&aacute;p điều trị cũng như c&aacute;c b&agrave;i thuốc hay trong điều trị bệnh xứng đ&aacute;ng l&agrave; một cơ sở chuy&ecirc;n nghi&ecirc;p, kh&aacute;m v&agrave; điều trị c&aacute;c bệnh: khoa phong thấp, gai xương, khoa xương khớp, phục hồi chức năng v&agrave; c&aacute;c khoa điều trị kh&aacute;c , Chuy&ecirc;n s&acirc;u trong điều trị vi&ecirc;m khớp phong thấp, vi&ecirc;m khớp dạng thấp, vi&ecirc;m khớp do g&uacute;t, vi&ecirc;m cột sống d&iacute;nh khớp, tho&aacute;t vị đĩa đệm đốt sống lưng, vi&ecirc;m khớp vai, chẩn đo&aacute;n v&agrave; điều trị c&aacute;c bệnh về xương khớp, l&agrave; cơ sở y tế chuy&ecirc;n nghiệp trong y tế l&acirc;m s&agrave;ng, nghi&ecirc;n cứu, ph&ograve;ng ngừa c&aacute;c bệnh về xương khớp.</span></strong></p>\r\n<p style="text-align: justify;"><span style="font-size: 14px; font-family: arial, helvetica, sans-serif;">Nhiều năm qua, ki&ecirc;n tr&igrave; thực hiện mục ti&ecirc;u ph&ograve;ng kh&aacute;m c&ocirc;ng &iacute;ch, với c&aacute;c mục ti&ecirc;u &ldquo;đặt chất lượng y tế l&ecirc;n tr&ecirc;n hết, đặt an to&agrave;n l&agrave; cơ sở, lấy kĩ thuật đỉnh cao l&agrave;m chủ đạo, lấy chất lượng phục vụ cao l&agrave;m t&ocirc;n chỉ, lấy th&agrave;nh t&iacute;n l&agrave;m gốc&rdquo; hội nhập cơ chế quản l&iacute; ti&ecirc;n tiến hiện đại, to&agrave;n thể nh&acirc;n vi&ecirc;n đồng t&acirc;m x&acirc;y dựng &ldquo;đạt được niềm tin của c&aacute;c cơ quan chức năng v&agrave; cả người d&acirc;n&rdquo; tạo n&ecirc;n một thương hiệu trong kh&aacute;m chữa bệnh. Nỗ lực để tạo ra một ph&ograve;ng kh&aacute;m chuy&ecirc;n khoa, hiệu đại trong điều trị c&aacute;c bệnh xương khớp c&oacute; tập hợp đầy đủ c&aacute;c y&ecirc;u tố như: &ldquo;thiết bị đi đầu, quản l&iacute; quy phạm, chuy&ecirc;n khoa đặc sắc, phục vụ chuy&ecirc;n nghiệp&rdquo;.</span></p>\r\n<p style="text-align: center;"><img class="alignnone wp-image-662" src="../../../public/img/gioi-thieu-1487831774.jpeg" sizes="(max-width: 535px) 85vw, 535px" srcset="http://khoaxuongkhop.net/wp-content/uploads/2017/01/slide-nghien-cuu-pp-moi.jpg 1020w, http://khoaxuongkhop.net/wp-content/uploads/2017/01/slide-nghien-cuu-pp-moi-300x130.jpg 300w, http://khoaxuongkhop.net/wp-content/uploads/2017/01/slide-nghien-cuu-pp-moi-768x333.jpg 768w" alt="slide-nghien-cuu-pp-moi" width="768" height="333" /></p>\r\n<p style="text-align: justify;"><span style="font-size: 14px; font-family: arial, helvetica, sans-serif;">&nbsp;Ph&ograve;ng kh&aacute;m ch&uacute; trọng khoa học kĩ thuật đẩy mạnh sự ph&aacute;t triển của ph&ograve;ng kh&aacute;m, đội ngũ nh&acirc;n vi&ecirc;n c&oacute; năng lực, ph&ograve;ng kh&aacute;m hội tụ đội ngũ b&aacute;c sĩ chuy&ecirc;n c&aacute;c bệnh về thấp khớp, với c&aacute;c thiết bị kiểu mới được nhập khẩu c&oacute; độ ch&iacute;nh x&aacute;c cao, tạo n&ecirc;n chỗ đứng vững chắc cho ph&ograve;ng kh&aacute;m, ph&ograve;ng kh&aacute;m cũng đặc biệt mời đội ngũ b&aacute;c sĩ c&oacute; danh tiếngvới nhiều năm kinh nghiệm trong điều trị l&acirc;m s&agrave;ng c&aacute;c bệnh về xương khớp đến ph&ograve;ng kh&aacute;m điều trị bệnh. To&agrave;n t&acirc;m đẩu mạnh nghi&ecirc;m cứu v&agrave; điều trị, đặc biệt l&agrave; &ldquo; <strong>Kỹ thuật x&acirc;m lấn tối thiểu ly giải m&agrave;ng bao hoạt dịch khớp</strong>&rdquo; kĩ thuật l&agrave; sự kết hợp ho&agrave;n hảo của kĩ thuật điều trị truyền thống v&agrave; nền y học phương t&acirc;y hiện đại, đưa đến một kĩ thuật điều trị chất lượng cao, đảm bảo hiệu quả điều trị, nhận được sự c&ocirc;ng nhận của đ&ocirc;ng đảo bệnh nh&acirc;n.</span></p>\r\n<p style="text-align: justify;"><span style="font-size: 14px; font-family: arial, helvetica, sans-serif; color: #ff0000;"><strong>Thiết bị an to&agrave;n đi đầu trong kh&aacute;m điều trị</strong>&nbsp;</span></p>\r\n<p style="text-align: justify;"><span style="font-size: 14px; font-family: arial, helvetica, sans-serif;">&nbsp;L&agrave; một ph&ograve;ng kh&aacute;m chuy&ecirc;n khoa hiện đại, chuy&ecirc;n khoa xương khớp ph&ograve;ng kh&aacute;m Nh&acirc;n &Aacute;i lu&ocirc;n bắt nhịp c&ugrave;ng với bước tiến của kĩ thuật, nhập khẩu c&aacute;c thiết bị điều trị c&aacute;c bệnh về xương khớp từ c&aacute;c nước như Mỹ, Đức, về phương diện điều trị bằng Đ&ocirc;ng y Trung Quốc, &aacute;p dụng c&aacute;c loại thảo dược từ thi&ecirc;n nhi&ecirc;n, t&ugrave;y v&agrave;o t&igrave;nh trạng bệnh kh&aacute;c nhau để c&oacute; c&aacute;c phương ph&aacute;p b&iacute; truyền điều trị kh&aacute;c nhau, đạt được kết quả điều trị tốt.</span></p>\r\n<p style="text-align: justify;"><span style="font-size: 14px; font-family: arial, helvetica, sans-serif;">&nbsp;Chuy&ecirc;n khoa xương khớp ph&ograve;ng kh&aacute;m Nh&acirc;n &Aacute;i lu&ocirc;n tu&acirc;n theo t&ocirc;n chỉ phục vụ &ldquo; Sức khỏe của bạn l&agrave; t&acirc;m nguyện của ch&uacute;ng t&ocirc;i&rdquo;, x&acirc;y dựng cơ sở chuy&ecirc;n nghiệp điều trị c&aacute;c bệnh về xương khớp, trở th&agrave;nh ph&ograve;ng kh&aacute;m chuy&ecirc;n khoa xương khớp h&agrave;ng đầu ở khu vực H&agrave; Nội.</span></p>\r\n<p style="text-align: justify;"><span style="font-size: 14px; font-family: arial, helvetica, sans-serif; color: #ff0000;"> <strong>&nbsp;Chi ph&iacute; c&ocirc;ng khai</strong></span></p>\r\n<p style="text-align: justify;"><span style="font-size: 14px; font-family: arial, helvetica, sans-serif;">　　&nbsp;Chuy&ecirc;n khoa xương khớp ph&ograve;ng kh&aacute;m Nh&acirc;n &Aacute;i l&agrave; cơ sở y tế chuy&ecirc;n nghiệp tại H&agrave; Nội, nghi&ecirc;m t&uacute;c thực hiện việc thu ph&iacute; theo quy định của nh&agrave; nước, ngăn chặn c&aacute;c hiện tượng n&acirc;ng cao gi&aacute; thuốc, loạn thu ph&iacute;, lạm dụng thuốc&hellip; gi&aacute; cả bằng nhau nhưng đem đến chất lượng cao hơn, bảo vệ lợi &iacute;ch của bệnh nh&acirc;n một c&aacute;ch to&agrave;n diện.</span></p>\r\n<p style="text-align: justify;"><span style="font-size: 14px; font-family: arial, helvetica, sans-serif;">Từ vấn đề &ldquo; kh&aacute;m bệnh kh&oacute;, kh&aacute;m bệnh đắt&rdquo;, mỗi th&aacute;ng ph&ograve;ng kh&aacute;m Nh&acirc;n &Aacute;i đều c&oacute; chương tr&igrave;nh ưu đ&atilde;i kh&aacute;m bệnh, để giảm bớt những g&aacute;nh nặng kinh tế cho bệnh nh&acirc;n, tuyệt đối kh&ocirc;ng để bệnh nh&acirc;n ti&ecirc;u ti&ecirc;n l&atilde;ng ph&iacute;, tất cả c&aacute;c chi ph&iacute; đều nghi&ecirc;m t&uacute;c thực hiện theo ti&ecirc;u chuẩn thu ph&iacute; quy định với c&aacute;c bệnh viện, gi&aacute; cả r&otilde; r&agrave;ng,tr&igrave;nh tự c&ocirc;ng khai.</span></p>\r\n<p style="text-align: justify;"><span style="color: #ff0000;"><strong><span style="font-size: 14px; font-family: arial, helvetica, sans-serif;">Chất lượng phục vụ</span></strong></span></p>\r\n<p style="text-align: center;"><img class="alignnone wp-image-289" src="../../../public/img/gioi-thieu-1487831788.jpeg" sizes="(max-width: 484px) 85vw, 484px" srcset="http://khoaxuongkhop.net/wp-content/uploads/2017/01/banner.jpg 1350w, http://khoaxuongkhop.net/wp-content/uploads/2017/01/banner-300x113.jpg 300w, http://khoaxuongkhop.net/wp-content/uploads/2017/01/banner-768x290.jpg 768w, http://khoaxuongkhop.net/wp-content/uploads/2017/01/banner-1024x387.jpg 1024w, http://khoaxuongkhop.net/wp-content/uploads/2017/01/banner-1200x453.jpg 1200w" alt="banner" width="768" height="290" /></p>\r\n<p style="text-align: justify;"><span style="font-size: 14px; font-family: arial, helvetica, sans-serif;">&Aacute;p dụng nhiều biện ph&aacute;p để cải thiện m&ocirc;i trường ph&ograve;ng kh&aacute;m, n&acirc;ng cao chất lượng m&ocirc;i trường kh&aacute;m chữa bệnh, ph&acirc;n bố khu kh&aacute;m bệnh hợp l&yacute;, c&aacute;c tầng ph&ograve;ng kh&aacute;m x&acirc;y dựng theo thiết kế mới đảm bảo ảnh s&aacute;ng, khi v&agrave;o viện được thăm hỏi động vi&ecirc;n, gi&uacute;p bệnh nh&acirc;n cảm thấy y&ecirc;n t&acirc;m; trước khi điều trị thăm kh&aacute;m kĩ c&agrave;ng, gi&uacute;p bệnh nh&acirc;n kh&ocirc;ng c&ograve;n e ngại; sau điều trị b&aacute;m s&aacute;t t&igrave;nh h&igrave;nh bệnh nh&acirc;n, gi&uacute;p bệnh nh&acirc;n cảm thấy y&ecirc;n t&acirc;m hơn; khi lấy mẫu x&eacute;t nghiệm, t&igrave;m hiểu bệnh t&igrave;nh của bệnh nh&acirc;n, để việc lấy mẫu được th&agrave;nh c&ocirc;ng ngay lần đầu; trươc khi kiểm tra hỏi thăm t&igrave;nh h&igrave;nh bệnh nh&acirc;n ,gi&uacute;p bệnh nh&acirc;n tr&aacute;nh t&igrave;nh trạng kiểm tra sai g&acirc;y tốn k&eacute;m; v&igrave; an to&agrave;n hỏi thăm bệnh nh&acirc;n th&ecirc;m một v&agrave;i c&acirc;u,gi&uacute;p bệnh nh&acirc;n tr&aacute;nh được những tổn thương ngo&agrave;i &yacute; muốn; V&igrave; t&igrave;nh trạng hồi phục của bệnh nh&acirc;n thăm hỏi th&ecirc;m với bệnh nh&acirc;n v&agrave;i c&acirc;u, gi&uacute;p bệnh nh&acirc;n c&oacute; thể tự n&acirc;ng cao khả năng chăm s&oacute;c ph&ograve;ng bệnh của m&igrave;nh; trước khi xu&aacute;t viện thăm hỏi th&ecirc;m với bệnh nh&acirc;n v&agrave;i c&acirc;u, gi&uacute;p bệnh nh&acirc;n ho&agrave;n th&agrave;nh thủ tục xuất viện được thuận lợi. N&acirc;ng cao chất lượng quy tr&igrave;nh kh&aacute;m bệnh, để tạo cho bệnh nh&acirc;n chất lượng phục vụ thuận lợi tốt hơn, thay đổi quy tr&igrave;nh đăng k&yacute; kh&aacute;m bệnh, quy tr&igrave;nh nhập viện, quy tr&igrave;nh xuất viện, v&agrave; quy tr&igrave;nh thực hiện c&aacute;c hạng mục kiểm tra, th&ocirc;ng qua việc chỉ đạo trực tiếp v&agrave; li&ecirc;n tục thực hiện sửa đổi để h&igrave;nh th&agrave;nh một ti&ecirc;u chuẩn, cung cấp chất lượng phục vụ y tế theo ti&ecirc;u chuẩn cho từng bệnh nh&acirc;n. Ch&uacute;ng t&ocirc;i sẽ kh&ocirc;ng ngừng n&acirc;ng cao, kh&ocirc;ng ngừng cải tiến, lấy sự h&agrave;i l&ograve;ng của bệnh nh&acirc;n l&agrave; mục ti&ecirc;u của ch&uacute;ng t&ocirc;i, th&uacute;c đẩy ph&ograve;ng kh&aacute;m ch&uacute;ng t&ocirc;i lớn mạnh v&agrave; li&ecirc;n tục ph&aacute;t triển.</span></p>\r\n<p style="text-align: justify;"><span style="font-size: 14px; font-family: arial, helvetica, sans-serif;">C&aacute;c b&aacute;c sĩ, y t&aacute; v&agrave; nh&acirc;n vi&ecirc;n khoa xương khớp ph&ograve;ng kh&aacute;m đa khoa Nh&acirc;n &Aacute;i lu&ocirc;n thực hiện theo t&ocirc;n chỉ <strong>&ldquo; to&agrave;n t&acirc;m to&agrave;n &yacute; v&igrave; nh&acirc;n d&acirc;n phục vụ&rdquo;</strong> để gi&agrave;nh được sự t&iacute;n nhiệm đ&ocirc;ng đảo người bệnh, lấy kỹ thuật ti&ecirc;n tiến, chất lượng phục vụ cao, m&ocirc;i trường ph&ograve;ng kh&aacute;m th&acirc;n thiện ấm &aacute;p để phục vụ bệnh nh&acirc;n to&agrave;n diện. Chủ động phục vụ cộng đồng, tập trung v&agrave;o uy t&iacute;n x&atilde; hội, tu&acirc;n thủ đạo đức nghề nghiệp, bảo vệ lợi &iacute;ch của bệnh nh&acirc;n, ki&ecirc;n tr&igrave; lấy con người l&agrave;m gốc, điều trị đ&uacute;ng bệnh, thu ph&iacute; hợp l&yacute;, phấn đấu x&acirc;y dựng thương hiệu ph&ograve;ng kh&aacute;m điều trị xương khớp uy t&iacute;n tại H&agrave; Nội</span></p>', '', NULL, NULL, NULL, '2017-03-15 03:48:43', '2017-03-14 20:48:43'),
(7, 4, 4, 1, 'Dấu hiệu chứng thoát vị đĩa đệm.', 'dau-hieu-chung-thoat-vi-dia-dem', 'dau-hieu-chung-thoat-vi-dia-dem-1489484268.jpeg', 'Dấu hiệu chứng thoát vị đĩa đệm  ảnh hưởng các dây thần kinh gây đau kịch phát là kích thích các nhóm cơ khi cúi, khi ho và hắt hơi hoặc gắng sức chủ yếu ảnh hưởng đến các dây thần kinh, nó sẽ gây ra đau ở lưng, cổ, hoặc phần dưới của cơ thể. Nếu thoát vị vùng thắt lưng bệnh nhân cảm thấy đau từ lưng dọc xuống chân.', '<p style="text-align: justify;"><strong>Dấu hiệu chứng tho&aacute;t vị đĩa đệm</strong> &nbsp;ảnh hưởng c&aacute;c d&acirc;y thần kinh g&acirc;y đau kịch ph&aacute;t l&agrave; k&iacute;ch th&iacute;ch c&aacute;c nh&oacute;m cơ khi c&uacute;i, khi ho v&agrave; hắt hơi hoặc gắng sức chủ yếu ảnh hưởng đến c&aacute;c d&acirc;y thần kinh, n&oacute; sẽ g&acirc;y ra đau ở lưng, cổ, hoặc phần dưới của cơ thể.&nbsp;Nếu tho&aacute;t vị v&ugrave;ng thắt lưng bệnh nh&acirc;n cảm thấy đau từ lưng dọc xuống ch&acirc;n.</p>\r\n<ul>\r\n<li style="text-align: justify;">Nếu tho&aacute;t vị đĩa đệm v&ugrave;ng cổ; bệnh nh&acirc;n c&oacute; dấu hiệu đau cứng cổ v&agrave; vai g&aacute;y. Đau lan tỏa hai c&aacute;nh tay k&egrave;m theo cảm gi&aacute;c t&ecirc; t&ecirc; hoặc tay mất sức.</li>\r\n<li style="text-align: justify;">Trong một số trường hợp, hai chi dưới của cơ thể cảm thấy yếu đuối, v&agrave; n&oacute; trở n&ecirc;n gần như kh&ocirc;ng thể đứng đối với bệnh nh&acirc;n.&nbsp;</li>\r\n<li style="text-align: justify;">T&igrave;nh trạng sức khỏe n&agrave;y c&oacute; thể g&acirc;y bất tỉnh một phần, hoặc thường xuy&ecirc;n ở người bệnh.&nbsp;</li>\r\n</ul>\r\n<p style="text-align: center;"><img src="../../../public/img/dau-hieu-thoat-vi-dia-dem-1489474924.jpeg" alt="" width="500" height="251" />&nbsp;</p>\r\n<p style="text-align: justify;"><span style="color: #ff0000;"><strong>1.Khi n&agrave;o cần đến sự trợ gi&uacute;p của y tế</strong></span></p>\r\n<ul style="text-align: justify;">\r\n<li>Khi hai chi dưới yếu đi hoặc t&ecirc;, mất đi sự nhanh nhẹn của hai chi.</li>\r\n<li>Đau lưng với c&aacute;c dấu vết của m&aacute;u trong nước tiểu.</li>\r\n<li>Tiểu kh&ocirc;ng kiểm so&aacute;t được h&agrave;nh vi.</li>\r\n<li>Khi nghỉ ngơi hoặc &aacute;p dụng can thiệp c&aacute;c biện ph&aacute;p hỗ trợ kh&ocirc;ng mang lại hiệu quả.</li>\r\n</ul>\r\n<p style="text-align: justify;"><span style="color: #ff0000;"><strong>2.Biện ph&aacute;p điều trị l&agrave; g&igrave;</strong></span></p>\r\n<ul>\r\n<li style="text-align: justify;">Dấu hiệu tho&aacute;t vị đĩa đệm g&acirc;y đau, nếu biểu hiện đau c&oacute; nguồn gốc do trượt đĩa đệm,&nbsp;c&aacute;c cơn đau được quản l&yacute; bởi một số thuốc giảm đau.</li>\r\n<li style="text-align: justify;">C&aacute;c <span style="color: #ff0000;">biện ph&aacute;p kh&ocirc;i phục vi tuần ho&agrave;n kinh lạc</span>: l&agrave; biện ph&aacute;p c&oacute; sự kết hợp của đ&ocirc;ng t&acirc;y y truyền thống v&agrave; kỹ thuật vi sinh học ph&acirc;n tử để, th&ocirc;ng qua sự k&iacute;ch th&iacute;ch của điện từ l&ecirc;n c&aacute;c khớp vị vi&ecirc;m, tăng khả năng tuần ho&agrave;n v&agrave; thẩm thấu của thuốc. &nbsp;Thuốc từ đ&oacute; đi thẳng đến c&aacute;c tế b&agrave;o m&ocirc; khớp vị bệnh v&agrave;&nbsp; kh&ocirc;i phục c&aacute;c tế b&agrave;o bị bệnh, cải thiện vi tuần ho&agrave;n, cải thiện hệ thống miễn dịch cơ thể.</li>\r\n</ul>\r\n<p style="text-align: center;">&nbsp;<img src="../../../public/img/thoat-vi-dia-dem-cot-song-1489475576.jpeg" alt="" width="375" height="375" /></p>\r\n<ul>\r\n<li style="text-align: justify;">Vật l&yacute; trị liệu được biết đến l&agrave; một biện ph&aacute;p kh&ocirc;i phục tự th&acirc;n.&nbsp;<span style="color: #ff0000;">Vật l&yacute; trị liệu</span> tư vấn của bạn sẽ chỉnh một chế độ tập luyện, d&agrave;nh ri&ecirc;ng cho bạn, để kiểm so&aacute;t căn bệnh v&agrave; ngăn ngừa xảy ra trong tương lai của nhau. <span style="color: #ff0000;"><strong><span style="font-size: 16px;"><a style="color: #ff0000;" href="http://drt.zoosnet.net/LR/Chatpre.aspx?id=DRT84001515&amp;lng=en">&gt;&gt;&gt; <span style="color: #008000;">N&oacute;i l&ecirc;n triệu chứng bệnh của bạn, b&aacute;c sĩ c&acirc;n nhắc hướng điều trị ph&ugrave; hợp.Click tư vấn trực tuyến</span> &lt;&lt;&lt;</a></span></strong></span></li>\r\n</ul>\r\n<p style="text-align: justify;">- Bạn cũng c&oacute; thể tham khảo <span style="color: #ff0000;">&ldquo;Kỹ thuật k&eacute;o 3 chiều&rdquo;</span>, tập nắn xương, hoặc b&aacute;c sĩ chỉnh xương để điều trị t&igrave;nh trạng n&agrave;y. Tiến h&agrave;nh k&eacute;o d&atilde;n c&aacute;c khớp của người bệnh theo tuần tự từ đ&oacute; uốn nắn c&aacute;c khớp xương bị biến dạng, kh&ocirc;i phục trạng th&aacute;i ban đầu của khớp, th&uacute;c đẩy tăng hoạt t&iacute;nh c&aacute;c tế b&agrave;o sợi cơ tiến tới mục đ&iacute;ch mở rộng xương, củng cổ hiệu quả điều trị.</p>\r\n<p style="text-align: justify;">Khi bạn cảm nhận được c&aacute;c cơn đau ở cổ, lưng, h&ocirc;ng, hai chi dưới, đau kh&ocirc;ng nhận biết vị tr&iacute;, c&aacute;c triệu chứng cho biết bạn đang gặp vấn đề về cơ xương khớp, Tuy nhi&ecirc;n, để biết r&otilde; vấn đề đang gặp phải l&agrave; g&igrave;? n&oacute; c&oacute; phải l&agrave; c&aacute;c triệu chứng tho&aacute;t vị đĩa đệm hay kh&ocirc;ng cần phải được kiểm tra đ&aacute;nh gi&aacute; bởi c&aacute;c chuy&ecirc;n gia xương khớp.</p>\r\n<p style="text-align: justify;">Một trong những cơ sở chuy&ecirc;n khoa xương khớp uy t&iacute;n được nhiều bệnh nh&acirc;n đ&aacute;nh gi&aacute; cao l&agrave; Ph&ograve;ng Kh&aacute;m Đa Khoa Nh&acirc;n &Aacute;i địa chỉ: 709 Giải ph&oacute;ng-Phương Liệt- Ho&agrave;ng Mai-H&agrave; Nội. Đt: 04.3624.1999-0911320709.</p>', '', NULL, NULL, NULL, '2017-03-14 09:37:48', '2017-03-14 02:37:48'),
(8, 4, 4, 1, 'Thoát vị đĩa đệm nguyên nhân do đâu', 'thoat-vi-dia-dem-nguyen-nhan-do-dau', 'thoat-vi-dia-dem-nguyen-nhan-do-dau-1489483921.jpeg', 'Thoát vị đĩa đệm bệnh do nguyên nhân nào gây ra và làm thế nào để biết được? Bài viết dưới đây sẽ giúp bạn tìm hiểu một số kiến thức về thoát vị đĩa đệm vì nhiều người vẫn còn khá mơ hồ về căn bệnh này.', '<p style="text-align: justify;">Tho&aacute;t vị đĩa đệm bệnh do nguy&ecirc;n nh&acirc;n n&agrave;o g&acirc;y ra v&agrave; l&agrave;m thế n&agrave;o để biết được? B&agrave;i viết dưới đ&acirc;y sẽ gi&uacute;p bạn t&igrave;m hiểu một số kiến thức về tho&aacute;t vị đĩa đệm v&igrave; nhiều người vẫn c&ograve;n kh&aacute; mơ hồ về căn bệnh n&agrave;y.</p>\r\n<p style="text-align: justify;"><span style="color: #ff0000;"><strong>Tho&aacute;t vị diến ra ở đ&acirc;u?</strong></span></p>\r\n<p style="text-align: justify;">Tho&aacute;t vị đĩa đệm đ&atilde; chỉ ra vị tr&iacute; của bệnh, cấu tạo của cơ thể bao gồm 24 đốt sống. c&aacute;c đốt n&agrave;y cử động linh hoạt nhờ ở giữa c&aacute;c đốt c&oacute; một đĩa đệm, c&aacute;c đĩa đệm được h&igrave;nh th&agrave;nh từ c&aacute;c sợi collagen xếp th&agrave;nh h&igrave;nh v&ograve;ng t&acirc;m, b&ecirc;n trong c&oacute; chứa nh&acirc;n nhầy, nhiệm vụ giảm s&oacute;c cho cơ thể v&agrave; gi&uacute;p cột sống linh hoạt. Khi cột sống bị tổn thương, c&aacute;c đĩa đệm bị nứt hoặc r&aacute;ch, nh&acirc;n nhầy b&ecirc;n trong tho&aacute;t ra ngo&agrave;i ch&egrave;n &eacute;p c&aacute;c d&acirc;y thần kinh g&acirc;y ra đau cho vị tr&iacute; m&agrave; đĩa đệm tho&aacute;t vị. th&ocirc;ng thường vẫn l&agrave; tho&aacute;t vị cột sống cổ v&agrave; cột sống thắt lưng.</p>\r\n<p><img style="display: block; margin-left: auto; margin-right: auto;" src="../../public/img/suc-khoe-xuong-khop-1489483721.jpeg" alt="" width="444" height="263" />&nbsp;</p>\r\n<p style="text-align: justify;"><span style="color: #ff0000;"><strong>Tho&aacute;t vị đĩa đệm nguy&ecirc;n nh&acirc;n do đ&acirc;u.</strong></span></p>\r\n<p style="text-align: justify;">B&ecirc;n cạnh lồi (lồi / tho&aacute;t vị) đĩa hoặc đĩa cũng c&oacute; thể l&agrave;m cứng (tho&aacute;i h&oacute;a), mỏng của đĩa với sự h&igrave;nh th&agrave;nh xương (osteophyte)<span style="font-size: 16px; color: #ff0000;"><strong>.<a style="color: #ff0000;" href="http://drt.zoosnet.net/LR/Chatpre.aspx?id=DRT84001515&amp;lng=en"> &gt;&gt;&gt; &nbsp;<span style="color: #008000;">Tho&aacute;t vị đĩa đệm c&oacute; ảnh hưởng g&igrave; kh&ocirc;ng.Click tư vấn trực tuyến</span> &lt;&lt;&lt;</a></strong></span></p>\r\n<p style="text-align: justify;">Một số nguy&ecirc;n nh&acirc;n dẫn đến tho&aacute;t vị đĩa đệm hoặc lồi của đĩa đệm, đ&oacute; l&agrave;:&nbsp;</p>\r\n<ol style="text-align: justify;">\r\n<li><strong> Qu&aacute; tr&igrave;nh l&atilde;o h&oacute;a do tuổi t&aacute;c</strong></li>\r\n</ol>\r\n<p style="text-align: justify;">Tuổi t&aacute;c l&agrave; qu&aacute; tr&igrave;nh l&atilde;o h&oacute;a tự nhi&ecirc;n của cơ thể, l&uacute;c n&agrave;y c&aacute;c m&ocirc; li&ecirc;n kết c&oacute; sự suy tho&aacute;i, ph&ugrave; hợp với tuổi. Nhược điểm n&agrave;y tạo điều kiện thuận lợi cho sự xuất hiện của c&aacute;c tổn thương. Với những &aacute;p lực v&agrave; sự vận động qu&aacute; tải b&ecirc;n trong của đĩa đệm bị ch&egrave;n &eacute;p nh&ocirc; ra th&ocirc;ng qua một phần mềm yếu của đĩa đệm.</p>\r\n<ol style="text-align: justify;" start="2">\r\n<li><strong> Nhưng chấn thương, th&oacute;i quen xấu.</strong></li>\r\n</ol>\r\n<p style="text-align: justify;">Những th&oacute;i quen trong lao động v&agrave; sinh hoạt như: v&aacute;c vật nặng, ăn uống, b&eacute;o ph&igrave; l&agrave;m tăng nguy cơ v&agrave; g&acirc;y ra c&aacute;c chấn thương nghi&ecirc;m trọng đủ để tạo &aacute;p lực n&ecirc;n cột sống, đặc biệt l&agrave; v&ugrave;ng thắt lưng.</p>\r\n<p style="text-align: justify;">Những dấu hiệu dễ nhận biết một người bị tho&aacute;t vị đĩa đệm: đối với người tho&aacute;t vị đĩa đệm một cảm nhận của sự k&iacute;ch th&iacute;ch c&aacute;c d&acirc;y thần kinh cột sống xung quanh đĩa đệm. Nếu c&oacute; tho&aacute;t vị c&aacute;c &aacute;p lực n&agrave;y trong khu vực sẽ l&agrave;m tăng c&aacute;c triệu chứng thần kinh ph&aacute;t sinh phụ thuộc v&agrave;o khu vực của tủy sống đ&atilde; bị đ&agrave;n &aacute;p.</p>\r\n<p style="text-align: justify;">Vị tr&iacute; của tho&aacute;t vị đĩa đệm cột sống thường thấy của khu vực của cổ (đốt sống cổ &nbsp;C5 / C6) v&agrave; thắt lưng / sau (thắt lưng đốt sống L4, L5 v&agrave; S1).&nbsp;Ở hai khu vực c&oacute; nguy cơ cao v&igrave; trọng tải cơ thể dồn &eacute;p họ nhận được cho c&aacute;c hoạt động h&agrave;ng ng&agrave;y.</p>\r\n<p style="text-align: center;"><img src="../../public/img/thoat-vi-dia-dem-nguyen-nhan-do-dau-1489483287.jpeg" alt="" width="400" height="268" />&nbsp;</p>\r\n<p style="text-align: center;"><strong>Chỉnh cột sống / đốt sống con người</strong></p>\r\n<p style="text-align: justify;">Biểu hiện đầu ti&ecirc;n cho thấy một cơn đau.&nbsp;Đau từ đau nhẹ, kh&oacute; chịu cho đến đau nặng l&agrave;m cho người bị tho&aacute;t vị kh&ocirc;ng thể di chuyển như b&igrave;nh thường.&nbsp; Những dấu hiệu bệnh c&oacute; thể được tăng cường khi ch&uacute;ng ta l&agrave;m hoạt động thể chất.</p>\r\n<p style="text-align: justify;">Bệnh về xương khớp thường kh&oacute; c&oacute; thể tự chẩn đo&aacute;n được nhờ v&agrave;o c&aacute;c dấu hiệu của bệnh, c&aacute;c suy đo&aacute;n kh&ocirc;ng căn cứ chỉ mang t&iacute;nh tương đối. Việc cần l&agrave;m l&agrave; l&agrave;m một v&agrave;i chẩn đo&aacute;n x&eacute;t nghiệm v&agrave; h&igrave;nh ảnh gi&uacute;p t&igrave;m ra được nguy&ecirc;n nh&acirc;n, khi đ&oacute; c&oacute; biện ph&aacute;p chữa trị ph&ugrave; hợp. <strong><span style="color: #ff0000; font-size: 16px;"><a style="color: #ff0000;" href="http://drt.zoosnet.net/LR/Chatpre.aspx?id=DRT84001515&amp;lng=en">&gt;&gt;&gt;<span style="color: #008000;"> Biểu hiện tho&aacute;t vị đĩa đệm. Click tư vấn trực tuyến</span> &lt;&lt;&lt;</a></span></strong></p>\r\n<p style="text-align: justify;">Bệnh xương khớp khi t&igrave;m được nguy&ecirc;n nh&acirc;n điều trị kh&ocirc;ng kh&oacute;, hiện nay Ph&ograve;ng Kh&aacute;m Đa Khoa Nh&acirc;n &Aacute;i c&oacute; c&aacute;c biện ph&aacute;p điều trị ph&ugrave; hợp với từng thể bệnh xương khớp kh&aacute;c nhau, từ nhẹ đến nặng giải quyết nguy&ecirc;n nh&acirc;n g&acirc;y ra tho&aacute;t vị đĩa đệm.&nbsp;</p>\r\n<p style="text-align: justify;">Đơn cử một v&agrave;i&nbsp; phương ph&aacute;p: phương ph&aacute;p t&acirc;m ch&acirc;m nhắm tr&uacute;ng đ&iacute;ch, Kỹ thuật k&eacute;o gi&atilde;n ba chiều, kỹ thuật ly giải m&agrave;ng hoạt dịch, tắm thuốc đ&ocirc;ng y, truyền m&aacute;u tự th&acirc;n&hellip; để biết m&igrave;nh ph&ugrave; hợp với phương ph&aacute;p n&agrave;o h&atilde;y li&ecirc;n hệ với ch&uacute;ng t&ocirc;i để c&aacute;c chuy&ecirc;n gia c&oacute; thể tư vấn cho bạn.</p>\r\n<p style="text-align: justify;">Hy vọng b&agrave;i viết sẽ gi&uacute;p &iacute;ch cho bạn đọc trong việc bổ xung th&ecirc;m kiến thức về bệnh tho&aacute;t vị đĩa đệm. Nếu c&ograve;n những thắc mắc về bệnh cũng như phương ph&aacute;p điều trị h&atilde;y li&ecirc;n lạc với chuy&ecirc;n gia&nbsp; Ph&ograve;ng Kh&aacute;m Đa Khoa Nh&acirc;n &Aacute;i của ch&uacute;ng t&ocirc;i, c&aacute;c chuy&ecirc;n gia xương khớp sẽ giải đ&aacute;p mọi thắc mắc của bạn.</p>', '', NULL, NULL, NULL, '2017-03-14 09:34:56', '2017-03-14 02:34:56'),
(9, 18, 5, 1, 'Gai xương đốt sống và cách chữa hiệu quả', 'gai-xuong-dot-song-va-cach-chua-hieu-qua', 'gai-xuong-dot-song-va-cach-chua-hieu-qua-1489484197.jpeg', 'Trong tuần vừa qua, các bác sỹ Cơ xương khớp của Phòng khám đa khoa Nhân Ái có nhận được thắc mắc của bạn Hà Giang về vấn đề bạn gặp phải trong thời gian gần đây:', '<p style="text-align: justify;">Trong tuần vừa qua, c&aacute;c b&aacute;c sỹ Cơ xương khớp của Ph&ograve;ng kh&aacute;m đa khoa Nh&acirc;n &Aacute;i c&oacute; nhận được thắc mắc của bạn H&agrave; Giang về vấn đề bạn gặp phải trong thời gian gần đ&acirc;y:</p>\r\n<p style="text-align: justify;">T&ocirc;i thường xuy&ecirc;n bị đau ở xương bả vai, đ&atilde; đi kh&aacute;m, c&aacute;c b&aacute;c sỹ c&oacute; chụp chiếu v&agrave; th&ocirc;ng b&aacute;o t&ocirc;i bị gai xương ở chỗ khớp xương n&ecirc;n mỗi khi hoạt động, cử động lại bị thốn v&agrave; đau. T&ocirc;i rất mong b&aacute;c sỹ cho t&ocirc;i biết đ&oacute; l&agrave; nguy&ecirc;n nh&acirc;n v&igrave; sao v&agrave; c&oacute; c&aacute;ch chữa n&agrave;o&nbsp; hiệu quả tốt, nhanh ch&oacute;ng kh&ocirc;ng hay bắt buộc phải mổ. T&ocirc;i cũng nghe thấy l&agrave; sau khi mổ, t&igrave;nh trạng gai xương c&oacute; thể mọc lại. V&igrave; vậy t&ocirc;i rất lo lắng, kh&ocirc;ng biết n&ecirc;n chữa trị như thế n&agrave;o cho tốt. T&ocirc;i xin cảm ơn b&aacute;c sỹ.</p>\r\n<p style="text-align: right;"><strong>(H&agrave; Giang - Quảng Ninh)</strong></p>\r\n<p style="text-align: justify;">Về vấn đề bạn H&agrave; Giang đang thắc mắc, c&aacute;c b&aacute;c sỹ -&nbsp; chuy&ecirc;n gia Cơ xương khớp của Ph&ograve;ng kh&aacute;m Nh&acirc;n &Aacute;i xin được chia sẻ với bạn như sau:</p>\r\n<p style="text-align: justify;">Gai cột sống l&agrave; bệnh c&oacute; sự ph&aacute;t triển kh&ocirc;ng mong muốn của xương, sụn đ&atilde; bị tho&aacute;i h&oacute;a. C&aacute;c gai thường c&oacute; ở xung quanh khớp xương, đĩa li&ecirc;n sống. Nhiều người than phiền bị gai cột sống n&ecirc;n bị đau lưng, đau cổ. Tuy nhi&ecirc;n theo c&aacute;c chuy&ecirc;n gia Cơ xương khớp cho biết: gai l&agrave; sự h&oacute;a gi&agrave; của xương v&agrave; sụn, bản th&acirc;n gai kh&ocirc;ng g&acirc;y đau. Những người ở độ tuổi trung ni&ecirc;n trở l&ecirc;n thường gặp phải những chồi xương n&agrave;y m&agrave; kh&ocirc;ng biết, đến khi t&igrave;nh cờ chụp x-quang để chẩn đo&aacute;n một bệnh n&agrave;o đ&oacute; th&igrave; mới ph&aacute;t&nbsp; hiện ra t&igrave;nh trạng gai xương.</p>\r\n<p style="text-align: center;"><img src="../../public/img/gai-dot-song-1489483959.jpeg" /></p>\r\n<p style="text-align: justify;">Theo một khảo s&aacute;t của c&aacute;c b&aacute;c sỹ cho thấy c&oacute; đến 42% những trường hợp người bệnh bị gai xương c&oacute; đưa đến c&aacute;c biểu hiện đau cổ, lưng, lan ra tứ chi, yếu b&agrave;n ch&acirc;n, b&agrave;n tay.</p>\r\n<p style="text-align: justify;"><span style="color: #ff0000;"><strong>Nguy&ecirc;n nh&acirc;n g&acirc;y gai xương đốt sống: c&oacute; ba nguy&ecirc;n nh&acirc;n</strong></span></p>\r\n<p style="text-align: justify;">_Gai xương l&agrave; kết quả của việc xương tự tu bổ, hồi phục sau khi bị chấn thương, va chạm, cọ x&aacute;t, sức &eacute;p như: người l&agrave;m nghề khu&acirc;n v&aacute;c nặng, qu&aacute; k&yacute; tăng &aacute;p lực l&ecirc;n xương khớp hay người c&oacute; d&aacute;ng đi đứng kh&ocirc;ng ngay ngắn khiến cột sống&nbsp; bị xi&ecirc;u vẹo.</p>\r\n<p style="text-align: justify;">_Gai l&agrave; sự h&oacute;a gi&agrave; của xương, đĩa sụn khi bị tho&aacute;i h&oacute;a, hao m&ograve;n, mặt xương, khớp gồ ghề, gai mọc ra, hay gặp ở người cao tuổi.</p>\r\n<p style="text-align: justify;">_Khi c&aacute;c đĩa li&ecirc;n sống bị hư hao, xẹp xuống, d&acirc;y chằng giữa c&aacute;c đốt sống sẽ ch&ugrave;ng, gi&atilde;n, chuyển động nhiều hơn. C&aacute;c phản ứng tự nhi&ecirc;n của cơ thể với sự ch&ugrave;ng gi&atilde; l&agrave; l&agrave;m cho d&acirc;y chằng dầy l&ecirc;n để c&oacute; thể giữ vững cột sống. Qu&aacute; tr&igrave;nh n&agrave;y k&eacute;o d&agrave;i, khiến cho canxi sẽ t&iacute;ch tụ lại tr&ecirc;n d&acirc;y chằng v&agrave; tạo ra c&aacute;c gai hoặc chồi xương. C&aacute;c d&acirc;y chằng ở ống cột sống c&oacute; thể dầy l&ecirc;n, ống thu hẹp &eacute;p d&acirc;y thần kinh v&agrave; g&acirc;y ra c&aacute;c triệu chứng bệnh.<span style="font-size: 16px; color: #ff0000;"> <strong>&gt;&gt;&gt;<span style="color: #008000;"><a style="color: #008000;" href="http://drt.zoosnet.net/LR/Chatpre.aspx?id=DRT84001515&amp;lng=en">Bạn đang gặp phải biểu hiện n&agrave;o của gai xương, h&atilde;y CLICK B&Aacute;C SỸ TƯ VẤN MIỄN PH&Iacute;</a></span>&lt;&lt;&lt;</strong></span></p>\r\n<p style="text-align: justify;"><span style="color: #ff0000;"><strong>C&aacute;ch chữa trị hiệu quả bệnh gai đốt sống</strong></span></p>\r\n<p style="text-align: justify;">C&aacute;c b&aacute;c sỹ Cơ xương khớp của Ph&ograve;ng kh&aacute;m Nh&acirc;n &Aacute;i chia sẻ: trong trường hợp người bệnh bị gai xương nhưng kh&ocirc;ng c&oacute; biểu hiện cụ thể th&igrave; kh&ocirc;ng cần chữa trị. Người bệnh chỉ t&igrave;m tới b&aacute;c sỹ khi c&oacute; c&aacute;c biểu hiện g&acirc;y kh&oacute; khăn khi cử động n&ecirc;n họ phải giới hạn c&aacute;c hoạt động b&igrave;nh thường g&acirc;y ảnh hưởng đến đời sống. Người bệnh n&ecirc;n nhanh ch&oacute;ng đi kh&aacute;m c&aacute;c b&aacute;c sỹ chuy&ecirc;n khoa để x&aacute;c định&nbsp; nguy&ecirc;n nh&acirc;n g&acirc;y gai xương để c&oacute; biện ph&aacute;p chữa trị ph&ugrave; hợp:</p>\r\n<p style="text-align: justify;"><strong>1.</strong>Với những người b&eacute;o ph&igrave; th&igrave; n&ecirc;n giảm c&acirc;n để giảm sức nặng l&ecirc;n xương khớp. Khi c&oacute; c&aacute;c biểu hiện đau, sưng vi&ecirc;m th&igrave; bạn n&ecirc;n nghỉ ngơi, chườm nước đ&aacute;, uống thuốc chống vi&ecirc;m kh&ocirc;ng c&oacute; ibuprofen, steroid như paracetamol. Nếu người bệnh bị đau nhiều th&igrave; b&aacute;c sỹ c&oacute; thể ti&ecirc;m steroid tại chỗ để giảm vi&ecirc;m, giảm đau của cơ bắp. Để hoạt động chữa trị bằng thuốc c&oacute; hiệu quả th&igrave; người bệnh cần nghi&ecirc;m ngặt tu&acirc;n theo chỉ định của b&aacute;c sỹ. Mỗi loại thuốc đều c&oacute; thời gian, liều lượng d&ugrave;ng cụ thể. Bạn chỉ n&ecirc;n d&ugrave;ng thuốc khi c&oacute; hướng dẫn của b&aacute;c sỹ chuy&ecirc;n khoa.</p>\r\n<p style="text-align: center;"><img src="../../public/img/gai-dot-song-1-1489484031.png" /></p>\r\n<p style="text-align: justify;"><strong>2.</strong>Bệnh gai cột sống c&oacute; thể được cắt bỏ với vi phẫu thuật rất ch&iacute;nh x&aacute;c. Tuy nhi&ecirc;n sau khi &nbsp;mổ để cắt c&aacute;c gai xương c&oacute; thể mọc trở lại. Phương ph&aacute;p cắt bỏ chỉ được d&ugrave;ng khi gai ch&egrave;n &eacute;p v&agrave;o hệ thần kinh, g&acirc;y ra c&aacute;c ảnh hưởng xấu tới cuộc sống h&agrave;ng ng&agrave;y của người bệnh như: t&ecirc; ch&acirc;n tay, rối loạn đại tiểu tiện, đau lan tới tứ chi&hellip;</p>\r\n<p style="text-align: justify;"><strong>3</strong>.Phương ph&aacute;p ch&acirc;m cứu c&oacute; thể g&uacute;p người bệnh giảm đau ở phần mềm nhưng lại kh&ocirc;ng c&oacute; t&aacute;c dụng trong việc chữa trị vi&ecirc;m sưng cũng như khi gai t&aacute;c động l&ecirc;n rễ d&acirc;y thần kinh n&atilde;o tủy.</p>\r\n<p style="text-align: justify;"><strong>4</strong>.Phương ph&aacute;p vật l&yacute; trị liệu, thoa b&oacute;p, luyện tập xương khớp, thực h&agrave;nh yoga cũng gi&uacute;p giảm ảnh hưởng của gai xương đốt sống.</p>\r\n<p style="text-align: justify;">Tr&ecirc;n đ&acirc;y l&agrave; một số phương ph&aacute;p chữa hiệu quả bệnh gai xương đốt sống, tuy nhi&ecirc;n để x&aacute;c định người bệnh n&ecirc;n chữa trị theo c&aacute;ch n&agrave;o th&igrave; bạn cần phải đi kh&aacute;m tại c&aacute;c cơ sở chuy&ecirc;n khoa để b&aacute;c sỹ x&aacute;c định nguy&ecirc;n nh&acirc;n g&acirc;y bệnh, diễn biến bệnh của bạn v&agrave; c&oacute; phương ph&aacute;p chữa trị ph&ugrave; hợp.</p>\r\n<p style="text-align: justify;">Để được hỗ trợ, tư vấn th&ecirc;m th&ocirc;ng tin th&igrave; bạn c&oacute; thể li&ecirc;n hệ với c&aacute;c b&aacute;c sỹ của ch&uacute;ng t&ocirc;i theo c&aacute;c c&aacute;ch sau:</p>', '', NULL, NULL, NULL, '2017-03-14 02:36:37', '2017-03-14 02:36:37'),
(10, 18, 5, 1, 'Bệnh gai xương', 'benh-gai-xuong', 'benh-gai-xuong-1489484631.png', 'Gai xương là tình trạng mà những phần cứng xuất phát từ xương và nhô ra bên ngoài. Các gai xương thường không gây triệu chứng nên chúng ta không để ý đến khi có vấn đề xảy ra như bị chấn thương. Một số gai xương có thể gây đau nhưng cũng có gai xương thì không gây đau. Việc chữa trị bệnh gai xương còn phụ thuộc vào phần xương nào bị gai và gây ra triệu chứng như thế nào? Trong bài viết dưới đây, các chuyên gia xương khớp của Phòng khám đa khoa Nhân Ái sẽ chia sẻ về căn bệnh này cho các bạn được biết.', '<p>Gai xương l&agrave; t&igrave;nh trạng m&agrave; những phần cứng xuất ph&aacute;t từ xương v&agrave; nh&ocirc; ra b&ecirc;n ngo&agrave;i. C&aacute;c gai xương thường kh&ocirc;ng g&acirc;y triệu chứng n&ecirc;n ch&uacute;ng ta kh&ocirc;ng để &yacute; đến khi c&oacute; vấn đề xảy ra như bị chấn thương. Một số gai xương c&oacute; thể g&acirc;y đau nhưng cũng c&oacute; gai xương th&igrave; kh&ocirc;ng g&acirc;y đau. Việc chữa trị bệnh gai xương c&ograve;n phụ thuộc v&agrave;o phần xương n&agrave;o bị gai v&agrave; g&acirc;y ra triệu chứng như thế n&agrave;o? Trong b&agrave;i viết dưới đ&acirc;y, c&aacute;c chuy&ecirc;n gia xương khớp của Ph&ograve;ng kh&aacute;m đa khoa Nh&acirc;n &Aacute;i sẽ chia sẻ về căn bệnh n&agrave;y cho c&aacute;c bạn được biết.</p>\r\n<p><span style="color: #ff0000;"><strong>Những nguy&ecirc;n nh&acirc;n g&acirc;y bệnh gai xương</strong></span></p>\r\n<p>Nguy&ecirc;n nh&acirc;n g&acirc;y ra gai xương thường do vi&ecirc;m khớp xương hoặc vi&ecirc;m g&acirc;n. Trong trường hợp n&agrave;y, cơ thể sẽ cố gắng chữa trị bằng c&aacute;ch huy động canxi v&agrave;o c&aacute;c v&ugrave;ng bị ảnh hưởng, dẫn đến h&igrave;nh th&agrave;nh gai xương.</p>\r\n<p>T&igrave;nh trạng vi&ecirc;m ở c&aacute;c vị tr&iacute; kh&aacute;c nhau như: gai cột sống (do vi&ecirc;m d&acirc;y chằng cột sống), gai g&oacute;t ch&acirc;n (do vi&ecirc;m d&acirc;y chằng achilles)&hellip;.</p>\r\n<p>Nguy cơ mắc bệnh gai xương c&ograve;n c&oacute; thể do c&aacute;c yếu tố tuổi t&aacute;c, chấn thương, tho&aacute;i h&oacute;a khớp, đĩa đệm, tư thế&nbsp; sai cũng đều c&oacute; thể g&acirc;y ra gai xương.</p>\r\n<p>Ngo&agrave;i ra yếu tố di truyền v&agrave; dinh dưỡng cũng sẽ li&ecirc;n quan đến bệnh. Những người bệnh bị vi&ecirc;m khớp, vi&ecirc;m khớp xương, hẹp cột sống sẽ dễ mắc bệnh gai xương.</p>\r\n<p><span style="color: #ff0000;"><strong>Những triệu chứng thường gặp của bệnh gai xương</strong></span></p>\r\n<p>Triệu chứng thường gặp ở gai xương l&agrave; t&ecirc;, nhạy đau ở những v&ugrave;ng bị ảnh hưởng. Trường hợp gai xương ở g&oacute;t ch&acirc;n sẽ khiến người bệnh bị đau chăn, đi lại kh&oacute; khăn.</p>\r\n<p style="text-align: center;"><img src="../../public/img/gai-dot-song-2-1489484399.png" /></p>\r\n<p>Gai cột sống sẽ khiến ch&uacute;ng ta bị t&ecirc;, đau, yếu v&agrave; g&acirc;y ảnh hưởng đến tư thế.</p>\r\n<p>Ngo&agrave;i ra người bệnh c&oacute; thể gặp phải c&aacute;c triệu chứng kh&aacute;c kh&ocirc;ng được đề cập. Bởi vậy khi c&aacute;c bạn thấy c&aacute;c biểu hiện bất thường của cơ thể th&igrave; h&atilde;y tham khảo &yacute; kiến b&aacute;c sỹ chuy&ecirc;n khoa bởi cơ địa của mỗi người l&agrave; kh&aacute;c nhau n&ecirc;n bạn h&atilde;y hỏi &yacute; kiến của b&aacute;c sỹ để lựa chọn được phương &aacute;n chữa trị th&iacute;ch hợp .</p>\r\n<p><span style="color: #ff0000;"><strong>Những kỹ thuật y tế ti&ecirc;n tiến để chẩn đo&aacute;n bệnh gai xương?</strong></span></p>\r\n<p>Người bệnh c&oacute; thể được kh&aacute;m l&acirc;m s&agrave;ng để x&aacute;c định v&ugrave;ng bị đau. Một số x&eacute;t nghiệm cần thiết như: si&ecirc;u &acirc;m, x-quang, CT scan, MRI sẽ gi&uacute;p b&aacute;c sỹ x&aacute;c định ch&iacute;nh x&aacute;c bệnh v&agrave; c&oacute; kế hoạch chữa trị</p>\r\n<p><span style="color: #ff0000;"><strong>Phương ph&aacute;p chữa trị bệnh gai xương tại Ph&ograve;ng kh&aacute;m đa khoa Nh&acirc;n &Aacute;i</strong></span></p>\r\n<p>Để chữa trị được gai xương, ban đầu b&aacute;c sỹ sẽ chỉ định thuốc uống hoặc ti&ecirc;m tại chỗ để giảm vi&ecirc;m. Phương ph&aacute;p n&agrave;y phụ thuộc v&agrave;o v&ugrave;ng bị gai xương. Ở một số trường hợp gai xương nặng g&acirc;y ra c&aacute;c vấn đề về thần kinh th&igrave; người bệnh cần phải phẫu thuật để loại bỏ c&aacute;c gai xương hoặc &nbsp;d&ugrave;ng biện ph&aacute;p ch&acirc;m cứu, vật l&yacute; trị liệu&nbsp;để chữa trị.&nbsp;Để chọn phương ph&aacute;p chữa ph&ugrave; hợp th&igrave; người bệnh cần kh&aacute;m b&aacute;c sỹ chuy&ecirc;n khoa&nbsp;để&nbsp;được hỗ trợ.</p>\r\n<p>B&ecirc;n cạnh đ&oacute; th&igrave; người bệnh gai xương c&oacute; thể d&ugrave;ng c&aacute;c b&agrave;i tập thể dục để tăng cường sự vững chắc của xương, sức chịu đựng của cơ thể, chế độ ăn l&agrave;nh mạnh để cung cấp c&aacute;c dưỡng chất cho xương v&agrave; cho cơ thể. <strong><span style="font-size: 16px; color: #ff0000;">&gt;&gt;&gt;<span style="color: #008000;"><a style="color: #008000;" href="http://drt.zoosnet.net/LR/Chatpre.aspx?id=DRT84001515&amp;lng=en">Bạn muốn t&igrave;m hiểu về phương ph&aacute;p chữa trị n&agrave;o, h&atilde;y CLICK B&Aacute;C SỸ TƯ VẤN MIỄN PH&Iacute;</a></span>&lt;&lt;&lt;</span></strong></p>\r\n<p>Bệnh gai xương kh&ocirc;ng nhất thiết phải chữa trị trong c&aacute;c trường hợp nếu như bệnh kh&ocirc;ng g&acirc;y ra cản trở hoạt động, sinh hoạt h&agrave;ng ng&agrave;y của người bệnh.</p>\r\n<p><span style="color: #ff0000;"><strong>Chế độ sinh hoạt ph&ugrave; hợp với người bệnh gai xương</strong></span></p>\r\n<p>Một số th&oacute;i quen sinh hoạt gi&uacute;p bạn hạn chế diễn biến của gai xương v&agrave; kiểm so&aacute;t bệnh như: chế độ ăn nhiều dinh dưỡng để giảm vi&ecirc;m, hỗ trợ sụn khớp, duy tr&igrave; c&acirc;n nặng cơ thể ph&ugrave; hợp, nghỉ ngơi chế độ.</p>\r\n<p>Tr&ecirc;n đ&acirc;y l&agrave; những chia sẻ của c&aacute;c b&aacute;c sỹ Cơ xương khớp Ph&ograve;ng kh&aacute;m Nh&acirc;n &Aacute;i về bệnh gai xương để c&aacute;c bạn được biết. C&aacute;c b&aacute;c sỹ cũng lưu &yacute; với người bệnh khi thấy biểu hiện của bệnh, h&atilde;y nhanh ch&oacute;ng đến c&aacute;c cơ sở y tế chuy&ecirc;n khoa hoặc đến trực tiếp ph&ograve;ng kh&aacute;m Nh&acirc;n &Aacute;i tại địa chỉ 709 Giải Ph&oacute;ng &ndash; H&agrave; Nội để được b&aacute;c sỹ kh&aacute;m, x&aacute;c định nguy&ecirc;n nh&acirc;n g&acirc;y bệnh v&agrave; c&oacute; biện ph&aacute;p chữa trị ph&ugrave; hợp.</p>\r\n<p>Nếu bạn đang bị gai xương l&agrave;m phiền hoặc c&oacute; bất kỳ c&acirc;u hỏi n&agrave;o về bệnh, h&atilde;y li&ecirc;n hệ với c&aacute;c b&aacute;c sĩ xương khớp theo c&aacute;c c&aacute;ch sau để được tư vấn phương ph&aacute;p hỗ trợ chữa trị hiệu quả.</p>', '', NULL, NULL, NULL, '2017-03-14 02:43:51', '2017-03-14 02:43:51'),
(11, 4, 4, 1, 'Bệnh thoát vị đĩa đệm có nguy hiểm hay không?', 'benh-thoat-vi-dia-dem-co-nguy-hiem-hay-khong', 'benh-thoat-vi-dia-dem-co-nguy-hiem-hay-khong-1489484963.jpeg', 'Bệnh thoát vị đĩa đệm là một bệnh về xương khớp thường hay gặp, một lý do xảy ra những con đau cột sống, đau thắt lưng, hay tê bì chân tay… bệnh thoát vị nếu không được phát hiện và điều trị sẽ gây ra một số hậu quả đáng tiếc', '<p style="text-align: justify;">Bệnh tho&aacute;t vị đĩa đệm l&agrave; một bệnh về xương khớp thường hay gặp, một l&yacute; do xảy ra những con đau cột sống, đau thắt lưng, hay t&ecirc; b&igrave; ch&acirc;n tay&hellip; bệnh tho&aacute;t vị nếu kh&ocirc;ng được ph&aacute;t hiện v&agrave; điều trị sẽ g&acirc;y ra một số hậu quả đ&aacute;ng tiếc. V&igrave; vậy, bệnh tho&aacute;t vị đĩa đệm c&oacute; nguy hiểm hay kh&ocirc;ng? Sẽ được c&aacute;c b&aacute;c sĩ Ph&ograve;ng Kh&aacute;m Đa Khoa Nh&acirc;n &Aacute;i chia sẻ qua b&agrave;i viết dưới đ&acirc;y.</p>\r\n<p style="text-align: justify;">Tho&aacute;t vị đĩa đệm thường xảy ra ở phần đốt sống cổ v&agrave; thắt lưng. Dấu hiệu của bệnh được biểu hiện bằng những cơn đau t&ecirc; t&aacute;i, mỏi v&ugrave;ng thắt lưng v&agrave; đốt sống cổ, cơn đau c&oacute; thể lan xuống vai, tay hoặc đ&ugrave;i v&agrave; cẳng ch&acirc;n, cảm gi&aacute;c hai ch&acirc;n bị yếu&hellip; tho&aacute;t vị l&agrave; một căn bệnh phổ biến c&oacute; thể t&agrave;n ph&aacute; sức khỏe nếu kh&ocirc;ng được điều trị đ&uacute;ng v&agrave; kịp thời. Một số đối tượng cần n&acirc;ng cao cảnh gi&aacute;c như: người lao động nặng nhọc, khu&acirc;n v&aacute;c nhiều, chơi thể thao nặng, người g&ugrave;, vẹo do tho&aacute;i h&oacute;a hoặc người bị c&aacute;c bệnh l&yacute; về cột sống kh&aacute;c.</p>\r\n<p style="text-align: center;"><img src="../../public/img/benh-thoat-vi-dia-dem-1489484862.jpeg" alt="" width="400" height="289" /></p>\r\n<p><span style="color: #ff0000;"><strong>Bệnh tho&aacute;t vị đĩa đệm c&oacute; nguy hiểm hay kh&ocirc;ng?</strong></span></p>\r\n<p style="text-align: justify;">Nhận định những hậu quả v&agrave; biến chứng bệnh tho&aacute;t vị đĩa đệm g&acirc;y ra cho người bệnh để thấy được bệnh tho&aacute;t vị đĩa đệm c&oacute; nguy hiểm hay kh&ocirc;ng?!<strong><span style="color: #ff0000; font-size: 16px;"> <a style="color: #ff0000;" href="http://drt.zoosnet.net/LR/Chatpre.aspx?id=DRT84001515&amp;lng=en">&gt;&gt;&gt; <span style="color: #008000;">Chữa tho&aacute;t vị đĩa đệm ở đ&acirc;u.Click tư vấn trực tuyến</span> &lt;&lt;&lt;</a></span></strong></p>\r\n<ul style="text-align: justify;">\r\n<li>Bệnh tho&aacute;t vị đĩa đệm c&oacute; thể dẫn đến t&agrave;n phế suốt đời. Trường hợp n&agrave;y được biết đến khi c&aacute;c nh&acirc;n nhầy ch&egrave;n &eacute;p tủy cổ, v&agrave; thần kinh đốt sống c&ugrave;ng g&acirc;y ra h&agrave;nh vi đại tiện kh&ocirc;ng tự chủ do rối loạn cơ tr&ograve;n.</li>\r\n<li>Teo cơ: khiến khả năng sinh hoạt bị ảnh hưởng, thậm ch&iacute; mất khả năng lao động.</li>\r\n</ul>\r\n<p style="text-align: justify;"><span style="color: #ff0000;"><strong><em>Ngo&agrave;i ra n&oacute; c&ograve;n c&oacute; thể g&acirc;y ra một số vấn đề như:</em></strong></span></p>\r\n<p style="text-align: justify;">+ Đau rễ thần kinh do c&aacute;c tổn thương ch&egrave;n &eacute;p cơ học, sau giai đoạn đau thắt lưng cục bộ, đau tăng l&ecirc;n khi đứng l&acirc;u hoặc đi lại, nghỉ ngơi gi&uacute;p giảm đau nhanh ch&oacute;ng. Kiểu đau n&agrave;y thường gặp do những xung đột giữa đĩa đệm với rễ thần kinh do tho&aacute;t vị. Rối loạn cảm gi&aacute;c thường gặp l&agrave; giảm cảm gi&aacute;c n&ocirc;ng ở những khu vực khoang da tương ứng với dễ thần kinh bị tổn thương. Biểu hiện mức độ tổn thương s&acirc;u sắc của rễ thần kinh.</p>\r\n<p style="text-align: center;">&nbsp;<img src="../../../public/img/thoat-vi-dia-dem-chen-ep-day-than-kinh-1489484691.jpeg" alt="" width="414" height="387" /></p>\r\n<p style="text-align: justify;">+ Đau khấp khểnh c&aacute;ch hồi: một dạng của đau rễ thần kinh ngắt qu&atilde;ng, xuất hiện khi bệnh nh&acirc;n dừng lại để nghỉ ngơi, đi tiếp lại g&acirc;y đau.</p>\r\n<p style="text-align: justify;">+ Rối loạn vận động: c&aacute;c chi do c&aacute;c rễ thần kinh chi phối bao gồm c&aacute;c cơ thắt: trong c&aacute;c rễ thần kinh xương c&ugrave;ng c&oacute; biểu hiện ban đầu l&agrave; b&iacute; tiểu, sau tiểu tiện kh&ocirc;ng tự chủ do liệt cơ thắt ngoại vi.&nbsp;<strong><span style="color: #ff0000; font-size: 16px;"><a style="color: #ff0000;" href="../../public/img/thoat-vi-dia-dem-chen-ep-day-than-kinh-1489484691.jpeg"> &gt;&gt;&gt; <span style="color: #008000;">Những t&aacute;c động của tho&aacute;t vị l&ecirc;n cơ thể.Click tư vấn trực tuyến </span>&lt;&lt;&lt;</a></span></strong></p>\r\n<p style="text-align: justify;">+ Hội chứng đu&ocirc;i ngưa: đau thắt lưng v&ugrave;ng chỏm cụt một c&aacute;ch dữ dội, người bệnh kh&oacute; c&oacute; thể chịu nổi cơn đau, đ&ograve;i hỏi những cấp cứu về thần kinh. Đau k&egrave;m theo liệt cơ, mất cảm gi&aacute;c, rối loạn cảm gi&aacute;c&hellip; v&ugrave;ng đ&aacute;y chậu. Đối với triệu chứng đu&ocirc;i ngựa c&oacute; c&aacute;c triệu chứng mất cảm gi&aacute;c ng&oacute;n ch&acirc;n, căng thẳng ch&acirc;n, b&agrave;n ch&acirc;n, mặt đ&ugrave;i trong v&agrave; m&ocirc;ng.</p>\r\n<p style="text-align: justify;">&nbsp;Những vấn đề tr&ecirc;n cho thấy, cần c&oacute; biện ph&aacute;p ph&ograve;ng tr&aacute;nh tho&aacute;t vị đĩa đệm. Lu&ocirc;n duy tr&igrave; chế độ sinh hoạt, l&agrave;m việc v&agrave; nghỉ ngơi hợp l&yacute;. R&egrave;n luyện thể thao l&agrave; c&aacute;ch giữ được cơ thể khỏe mạnh v&agrave; cột sống vững chắc. Hạn chế mọi nguy cơ chấn thương khi lao động, vận động.</p>', '', NULL, NULL, NULL, '2017-03-14 09:51:20', '2017-03-14 02:51:20');
INSERT INTO `post` (`id`, `term_id`, `user_id`, `post_status`, `post_name`, `post_alias`, `post_avatar`, `post_description`, `post_detail`, `post_keyword`, `post_comment`, `post_view`, `post_like`, `created_at`, `updated_at`) VALUES
(12, 18, 5, 1, 'Nguyên nhân gây bệnh gai cột sống', 'nguyen-nhan-gay-benh-gai-cot-song', 'nguyen-nhan-gay-benh-gai-cot-song-1489485866.jpeg', 'Bệnh gai cột sống khiến cho người bệnh có thể mất khả năng di chuyển, tàn phế nếu như gai chèn ép nghiêm trọng lên các rễ thần kinh hoặc ống tủy cột sống. Vì vậy người bệnh gai cột sống cần phải kịp thời chữa trị để bệnh không gây ra những ảnh hưởng nghiêm trọng đến sức khỏe. Trong bài viết dưới đây, các chuyên gia Cơ xương khớp của Phòng khám Nhân Ái sẽ chia sẻ cho các bạn biết nguyên nhân gây bệnh gai cột sống.', '<p>Bệnh gai cột sống khiến cho người bệnh c&oacute; thể mất khả năng di chuyển, t&agrave;n phế nếu như gai ch&egrave;n &eacute;p nghi&ecirc;m trọng l&ecirc;n c&aacute;c rễ thần kinh hoặc ống tủy cột sống. V&igrave; vậy người bệnh gai cột sống cần phải kịp thời chữa trị để bệnh kh&ocirc;ng g&acirc;y ra những ảnh hưởng nghi&ecirc;m trọng đến sức khỏe. Trong b&agrave;i viết dưới đ&acirc;y, c&aacute;c chuy&ecirc;n gia Cơ xương khớp của Ph&ograve;ng kh&aacute;m Nh&acirc;n &Aacute;i sẽ chia sẻ cho c&aacute;c bạn biết nguy&ecirc;n nh&acirc;n g&acirc;y bệnh gai cột sống.</p>\r\n<p><span style="color: #ff0000;"><strong>Những nguy&ecirc;n nh&acirc;n g&acirc;y bệnh gai cột sống</strong></span></p>\r\n<p>Theo c&aacute;c chuy&ecirc;n gia xương khớp của Ph&ograve;ng kh&aacute;m Nh&acirc;n &Aacute;i chia sẻ th&igrave; gai cột sống l&agrave; sự ph&aacute;t triển th&ecirc;m của xương tr&ecirc;n th&acirc;n đốt sống, đĩa sụn hoặc d&acirc;y chằng xung quanh khớp. Bệnh n&agrave;y thường gặp ở người lớn tuổi khi mới xuất hiện t&igrave;nh trạng l&atilde;o h&oacute;a xương khớp.</p>\r\n<p>Bệnh gai đốt sống th&igrave; đối tượng nam giới mắc nhiều hơn nữ giới. Ri&ecirc;ng ph&aacute;i nữ th&igrave; khi đến tuổi m&atilde;n kinh cũng dễ mắc phải căn bệnh n&agrave;y. Một số nguy&ecirc;n nh&acirc;n g&acirc;y gai cột sống hay gặp như:</p>\r\n<p><strong>1</strong>.Do chấn thương cột sống bởi người bệnh phải l&agrave;m việc nặng nhọc, tai nạn, sinh hoạt sai tư thế&hellip; khiến cho c&aacute;c xương cột sống, khớp bị tổn thương v&agrave; k&iacute;ch th&iacute;ch c&aacute;c tế b&agrave;o tạo xương hoạt động nhiều hơn v&agrave; dẫn đến t&igrave;nh trạng xương bị thừa. Do bề mặt xương gồ ghề, h&igrave;nh th&agrave;nh gai cột sống, chấn thương cột soosngs cũng k&iacute;ch th&iacute;ch phản ứng vi&ecirc;m ở d&acirc;y chằng. Đ&acirc;y l&agrave; điều kiện h&igrave;nh th&agrave;nh gai xương.</p>\r\n<p style="text-align: center;"><img src="../../public/img/gai-dot-song-3-1489485760.jpeg" /></p>\r\n<p><strong>2</strong>.Gai cột sống do vi&ecirc;m hoặc lắng đọng canxi ở d&acirc;y chằng đốt sống: T&igrave;nh trạng n&agrave;y thường gặp ở người cao tuổi, khi cột sống tho&aacute;i h&oacute;a do qu&aacute; tr&igrave;nh l&atilde;o h&oacute;a tự nhi&ecirc;n của cơ thể v&agrave; canxi lắng đọng, h&igrave;nh th&agrave;nh những gai xương tr&ecirc;n d&acirc;y chằng. Ngo&agrave;i ra, nếu vi&ecirc;m d&acirc;y chằng đốt sống diễn ra nhiều lần cũng c&oacute; khả năng g&acirc;y xơ h&oacute;a, đ&oacute;ng canxi ở c&aacute;c gốc d&acirc;y chằng đốt sống dẫn đến t&igrave;nh trạng mọc gai xương.</p>\r\n<p><strong>3</strong>.Do đĩa sụn đốt sống bị hư m&ograve;n: T&igrave;nh trạng vi&ecirc;m khớp đốt sống l&acirc;u ng&agrave;y sẽ l&agrave;m cho bề mặt sụn bị hao m&ograve;n, xẹp xuống, mất đi độ trơn l&aacute;ng, trở n&ecirc;n sần s&ugrave;i. C&aacute;c d&acirc;y chằng đốt sống bị ch&ugrave;ng gi&atilde;n l&agrave;m hai bề mặt xương bị ma s&aacute;t nhiều hơn. L&uacute;c đ&oacute; cơ thể sẽ tự phản ứng v&agrave; điều chỉnh bằng c&aacute;ch l&agrave;m d&agrave;y d&acirc;y chằng để khắc phục hiện tượng đ&oacute;. Tuy nhi&ecirc;n việc l&agrave;m n&agrave;y sẽ l&agrave;m cho canxi tụ lại ở d&acirc;y chằng v&agrave; g&acirc;y ra sự ph&aacute;t triển chồi xương. <span style="color: #ff0000; font-size: 16px;"><strong>&gt;&gt;&gt;<span style="color: #008000;"><a style="color: #008000;" href="http://drt.zoosnet.net/LR/Chatpre.aspx?id=DRT84001515&amp;lng=en">Bạn cần b&aacute;c sỹ hỗ trợ về bệnh gai xương đốt sống, h&atilde;y CLICK B&Aacute;C SỸ TƯ VẤN MIỄN PH&Iacute;</a></span>&lt;&lt;&lt;</strong></span></p>\r\n<p>_Gai cột sống do yếu tố di truyền v&agrave; giới t&iacute;nh: Nếu trong gia đ&igrave;nh, ba mẹ mắc mắc tiền sử về bệnh cột sống hoặc cấu tạo cột sống bất thường th&igrave; c&aacute;c thế hệ sau trong gia đ&igrave;nh cũng sẽ c&oacute;&nbsp; nguy cơ mắc gai cột sống rất cao. Yếu tố giới t&iacute;nh cũng ảnh hưởng đến bệnh gai đốt sống bởi bệnh n&agrave;y thường gặp ở nam giới nhiều hơn nữ giới. Khi phụ nữ m&atilde;n kinh th&igrave; khả năng mắc bệnh cũng cao hơn.</p>\r\n<p>Tr&ecirc;n đ&acirc;y l&agrave; một số nguy&ecirc;n nh&acirc;n g&acirc;y bệnh gai cột sống m&agrave; c&aacute;c b&aacute;c sỹ Cơ xương khớp của Ph&ograve;ng kh&aacute;m Nh&acirc;n &Aacute;i chia sẻ để c&aacute;c bạn được biết. C&aacute;c b&aacute;c sỹ cũng lưu &yacute; người bệnh khi thấy c&aacute;c biểu hiện của bệnh th&igrave; h&atilde;y nhanh ch&oacute;ng đến c&aacute;c cơ sở y tế chuy&ecirc;n khoa để b&aacute;c sỹ x&aacute;c định nguy&ecirc;n nh&acirc;n v&agrave; c&oacute; phương ph&aacute;p chữa trị ph&ugrave; hợp cho bệnh nhanh khỏi, tr&aacute;nh trường hợp để l&acirc;u bệnh biến chứng v&agrave; g&acirc;y ra nhiều tổn hại đến sức khỏe.</p>\r\n<p>Để được hỗ trợ, tư vấn th&ecirc;m c&aacute;c th&ocirc;ng tin về bệnh, bạn h&atilde;y li&ecirc;n hệ với c&aacute;c b&aacute;c sỹ của ch&uacute;ng t&ocirc;i theo c&aacute;c c&aacute;ch sau:</p>', '', NULL, NULL, NULL, '2017-03-14 03:04:26', '2017-03-14 03:04:26'),
(13, 4, 4, 0, 'Hậu quả  thoát vị đĩa đệm cột sống thường gặp', 'hau-qua-thoat-vi-dia-dem-cot-song-thuong-gap', 'hau-qua-thoat-vi-dia-dem-cot-song-thuong-gap-1489485930.jpeg', 'Hậu quả thoát vị đĩa đệm cột sống thường gặp.  Người mắc bệnh này cảm nhận thấy khả năng vận động bị giảm sút nghiêm trọng, các động tác như cúi, ngửa, nghiên xoay cần hoạt động của cột sống khó thực hiện.Các rễ thần kinh bị chèn ép tổn thương làm ảnh hưởng đến sự vận động của các chi.', '<p style="text-align: justify;">Hậu quả tho&aacute;t vị đĩa đệm cột sống thường gặp.&nbsp; Người mắc bệnh n&agrave;y cảm nhận thấy khả năng vận động bị giảm s&uacute;t nghi&ecirc;m trọng, c&aacute;c động t&aacute;c như c&uacute;i, ngửa, nghi&ecirc;n xoay cần hoạt động của cột sống kh&oacute; thực hiện.C&aacute;c rễ thần kinh bị ch&egrave;n &eacute;p tổn thương l&agrave;m ảnh hưởng đến sự vận động của c&aacute;c chi.</p>\r\n<p style="text-align: justify;">Tho&aacute;t vị đĩa đệm c&oacute; thể để lại những hậu quả v&agrave; những biến chứng nguy hiểm cho người bệnh.</p>\r\n<ul style="text-align: justify;">\r\n<li>Trường hợp bệnh nh&acirc;n c&oacute; tho&aacute;t vị ch&egrave;n &eacute;p tủy ở cột sống cổ bệnh nh&acirc;n c&oacute; thể bị <strong>t&agrave;n phế</strong>suốt đời do bị liệt.</li>\r\n<li>Trường hợp bị ch&egrave;n &eacute;p c&aacute;c d&acirc;y thần kinh v&ugrave;ng thắt lưng c&ugrave;ng, bệnh nh&acirc;n c&oacute; thể bị chứng đại tiểu tiện kh&ocirc;ng tự chủ do rối loạn cơ tr&ograve;n.</li>\r\n<li>Những ảnh hưởng to lớn đến chất lượng cuộc sống con người: Bệnh nh&acirc;n bị&nbsp;<strong>teo cơ</strong> c&aacute;c chi nhanh ch&oacute;ng, khiến sinh hoạt bị ảnh hưởng nghi&ecirc;m trọng, thậm ch&iacute; mất khả năng lao động, chưa kể những tốn k&eacute;m do chi ph&iacute; điều trị.</li>\r\n</ul>\r\n<p style="text-align: center;"><img src="../../public/img/hoi-chung-duoi-ngua-do-thoat-vi-1489485642.jpeg" alt="" width="384" height="320" /></p>\r\n<p style="text-align: justify;"><span style="color: #ff0000;"><strong>Ngo&agrave;i ra tho&aacute;t vị đĩa đệm c&ograve;n c&oacute; thể g&acirc;y l&agrave; một số bệnh kh&aacute;c như:</strong></span></p>\r\n<p style="text-align: justify;">Tho&aacute;t vị đĩa đệm g&acirc;y đau, đau rễ thần kinh phản &aacute;nh một qu&aacute; tr&igrave;nh tổn thương k&iacute;ch th&iacute;ch <strong>rễ thần kinh do ch&egrave;n &eacute;p</strong> cơ học, xuất hiện sau giai đoạn <strong>đau thắt lưng</strong> cục bộ, đau tăng l&ecirc;n khi đi lại, ngồi l&acirc;u. đứng l&acirc;u. &nbsp;Đau dữ dội khi ho, hắt hơi, rặn đại tiện. Nằm nghỉ tại giường lại giảm đau nhanh ch&oacute;ng. Thường những cơn đau l&agrave; cơ chế xung đột giữa đĩa đệm với c&aacute;c d&acirc;y thần kinh do bị ch&egrave;n &eacute;p, khu vực khoang da tương ứng với rễ thần kinh bị tổn thương với những biểu hiện mức độ tổn thương s&acirc;u sắc nhất.</p>\r\n<p style="text-align: justify;"><span style="color: #ff0000;"><strong>Rối loạn vận động: c&aacute;c rễ thần kinh chi phối c&aacute;c chi, c&oacute; thể g&acirc;y ra bại v&agrave; liệt cơ:</strong></span></p>\r\n<p style="text-align: justify;">Những tổn thương ở những vị tr&iacute; như v&ugrave;ng xương c&ugrave;ng l&agrave;m cho bệnh nh&acirc;n thụ động <strong>liệt cơ thắt ngoại v&igrave;</strong> do đ&oacute; l&uacute;c đầu b&iacute; tiểu sau nước tiểu rỉ ra thụ động hoặc đ&aacute;i dầm dề kh&ocirc;ng tự chủ được. &nbsp;</p>\r\n<p style="text-align: justify;">Một trong những cơn đau dữ dội, bệnh nh&acirc;n kh&ocirc;ng chịu nổi, phải nhờ cậy đến cấp cứu về thần kinh đ&oacute; l&agrave; hội chứng đu&ocirc;i ngựa. Những cơn đau n&agrave;y &nbsp;k&egrave;m theo rối loạn cảm gi&aacute;c, liệt cơ, mất cảm gi&aacute;c &hellip;<span style="color: #ff0000; font-size: 16px;"><strong> <a style="color: #ff0000;" href="http://drt.zoosnet.net/LR/Chatpre.aspx?id=DRT84001515&amp;lng=en">&gt;&gt;&gt; <span style="color: #008000;">Giảm triệu chứng đau do tho&aacute;t vị g&acirc;y ra.Click tư vấn trực tuyến</span> &lt;&lt;&lt;</a></strong></span></p>\r\n<p style="text-align: justify;">&nbsp;Kh&ocirc;ng để những cơn đau h&agrave;nh hạ bạn-Ph&ograve;ng Kh&aacute;m Đa Khoa Nh&acirc;n &Aacute;i đưa v&agrave;o sử dụng c&aacute;c phương ph&aacute;p điều trị tho&aacute;t vị đĩa đệm hiệu quả bằng: Kỹ thuật k&eacute;o ba chiều, Liệu ph&aacute;p hồi phục vi tuần ho&agrave;n kinh lạc, Phương ph&aacute;p truyền m&aacute;u tự th&acirc;n&hellip; mang lại hiệu quả điều trị v&ocirc; c&ugrave;ng lớn.</p>\r\n<p style="text-align: justify;">Những hậu quả tho&aacute;t vị đĩa đệm cột sống thường gặp được c&aacute;c chuy&ecirc;n gia xương khớp Ph&ograve;ng Kh&aacute;m Đa Khoa Nh&acirc;n &Aacute;i đề cập trong b&agrave;i viết tr&ecirc;n l&agrave; tương đối đầy đủ. Để c&oacute; được những điều n&agrave;y, ch&uacute;ng t&ocirc;i đ&atilde; thu thập từ c&aacute;c nguồn bệnh nh&acirc;n ch&iacute;nh thống trực tiếp đến với ph&ograve;ng kh&aacute;m v&agrave; c&oacute; những chia sẻ ch&acirc;n t&igrave;nh về t&igrave;nh trạng bệnh của m&igrave;nh. H&atilde;y c&ugrave;ng chia sẻ t&igrave;nh trạng của m&igrave;nh với c&aacute;c chuy&ecirc;n gia ch&uacute;ng t&ocirc;i để nhận những lời khuy&ecirc;n hữu &iacute;ch trong việc điều trị bệnh tho&aacute;t vị đĩa đệm hiệu quả.</p>\r\n<p style="text-align: justify;">Để biết th&ecirc;m th&ocirc;ng tin chi tiết về hậu quả tho&aacute;t vị đĩa đệm cột sống thường gặp v&agrave; c&aacute;c phương ph&aacute;p n&agrave;y bạn chỉ cần click v&agrave;o đường dẫn tư vấn trực tuyến hoặc trực tiếp đến với Ph&ograve;ng Kh&aacute;m Đa&nbsp; Khoa Nh&acirc;n &Aacute;i để t&igrave;m hiểu th&ocirc;ng tin.</p>', '', NULL, NULL, NULL, '2017-03-14 03:05:30', '2017-03-14 03:05:30'),
(14, 18, 5, 0, 'Phòng ngừa bệnh gai cột sống như thế nào mới tốt', 'phong-ngua-benh-gai-cot-song-nhu-the-nao-moi-tot', 'phong-ngua-benh-gai-cot-song-nhu-the-nao-moi-tot-1489486953.png', 'Gai cột sống là một trong những căn bệnh của thoái hóa cột sống. Nó là sự phát triển thêm của xương trên thân đốt sống, đĩa sụn hoặc dây chằng quanh khớp. Nguy cơ mắc bệnh gai cột sống có thể theo độ tuổi, hay gặp nhiều ở tuổi trung niên trở lên. Tình trạng gai xương có thể gặp ở bất kỳ vị trí nào của cột sống nhưng hay gặp là ở khu vực thắt lưng và đốt sống cổ. Vậy phòng ngừa bệnh gai cột sống như thế nào mới tốt? Chuyên gia Cơ xương khớp của Phòng khám đa khoa Nhân Ái sẽ chia sẻ cho bạn biết ngay trong bài viết dưới đây:', '<p style="text-align: justify;"><span style="color: #000000;">Gai cột sống l&agrave; một trong những căn bệnh của tho&aacute;i h&oacute;a cột sống. N&oacute; l&agrave; sự ph&aacute;t triển th&ecirc;m của xương tr&ecirc;n th&acirc;n đốt sống, đĩa sụn hoặc d&acirc;y chằng quanh khớp. Nguy cơ mắc bệnh gai cột sống c&oacute; thể theo độ tuổi, hay gặp nhiều ở tuổi trung ni&ecirc;n trở l&ecirc;n. T&igrave;nh trạng gai xương c&oacute; thể gặp ở bất kỳ vị tr&iacute; n&agrave;o của cột sống nhưng hay gặp l&agrave; ở khu vực thắt lưng v&agrave; đốt sống cổ. Vậy ph&ograve;ng ngừa bệnh gai cột sống như thế n&agrave;o mới tốt? Chuy&ecirc;n gia Cơ xương khớp của Ph&ograve;ng kh&aacute;m đa khoa Nh&acirc;n &Aacute;i sẽ chia sẻ cho bạn biết ngay trong b&agrave;i viết dưới đ&acirc;y:</span></p>\r\n<p style="text-align: justify;"><span style="color: #000000;">Bệnh gai đốt sống thường gặp nhiều ở độ tuổi ngo&agrave;i 40 nhưng bệnh lại kh&ocirc;ng c&oacute; c&aacute;c triệu chứng r&otilde; r&agrave;ng, cụ thể. Trong thời gian sinh hoạt, vận động th&igrave; c&aacute;c gai sẽ cọ x&aacute;t với xương hoặc cọ v&agrave;o c&aacute;c phần mềm kh&aacute;c g&acirc;y n&ecirc;n cảm gi&aacute;c đau v&agrave; kh&oacute; chịu. Bệnh thường c&oacute; c&aacute;c biểu hiện như:</span></p>\r\n<p style="text-align: justify;"><span style="color: #000000;">Người bệnh thấy đau ở cổ, thắt lưng mỗi khi đứng hoặc đi. Biểu hiện n&agrave;y xuất hiện thường xuy&ecirc;n, tương ứng với phần cột sống bị tổn thương, li&ecirc;n quan ở từng người.</span></p>\r\n<p style="text-align: justify;"><span style="color: #000000;">Gai cột sống cũng g&acirc;y ra đau, t&ecirc; b&igrave; ở cổ, hai tay, lưng v&agrave; dọc sống lưng k&eacute;o d&agrave;i xuống hai ch&acirc;n với c&aacute;c trường hợp nặng. Biểu hiện đau c&oacute; thể tăng l&ecirc;n khi tần suất vận động tăng l&ecirc;n, c&oacute; thể giảm khi ch&uacute;ng ta nghỉ ngơi.</span></p>\r\n<p style="text-align: justify;"><span style="color: #000000;">Người bệnh gai cột sống khi c&aacute;c d&acirc;y thần kinh&nbsp; bị ch&egrave;n &eacute;p sẽ thấy đau ở tay, ch&acirc;n, cơ bắp yếu dần. Trường hợp người bệnh bị &oacute;ng tủy thu hẹp sẽ g&acirc;y ra t&igrave;nh trạng mất cảm gi&aacute;c, rối loạn đại tiểu tiện.</span></p>\r\n<p style="text-align: justify;"><span style="color: #000000;">Gai cột sống khiến người bệnh c&oacute; cảm gi&aacute;c mất c&acirc;n bằng th&acirc;n.</span></p>\r\n<p style="text-align: justify;"><span style="color: #ff0000;"><strong>C&aacute;ch ph&ograve;ng ngừa bệnh gai cột sống tốt</strong></span></p>\r\n<p style="text-align: justify;"><span style="color: #000000;">Theo c&aacute;c b&aacute;c sỹ Cơ xương khớp của Ph&ograve;ng kh&aacute;m đa khoa Nh&acirc;n &Aacute;i chia sẻ th&igrave; chế độ dinh dưỡng v&agrave; luyện tập khoa học l&agrave; hai yếu tốt c&oacute; vai tr&ograve; quan trọng trong việc ph&ograve;ng ngừa bệnh gai cột sống.</span></p>\r\n<p style="text-align: center;"><img src="../../../public/img/gai-dot-song-4-1489486894.png" /></p>\r\n<p style="text-align: justify;"><span style="color: #000000;"><strong>Về chế độ dinh dưỡng: </strong></span></p>\r\n<p style="text-align: justify;"><span style="color: #000000;">C&aacute;c bạn cần đảm bảo một&nbsp; chế độ dinh dưỡng đầy đủ canxi, vitamin D, hạn chế c&aacute;c thực phẩm nhiều dầu mỡ nhất l&agrave; mỡ động vật. </span></p>\r\n<p style="text-align: justify;"><span style="color: #000000;">N&ecirc;n tăng cường ăn rau xanh v&agrave; tr&aacute;i c&acirc;y trong mỗi bữa ăn, n&ecirc;n hạn chế ăn đồ đ&ocirc;ng lạnh, thức ăn chế biến sẵn, c&aacute;c loại nước c&oacute; ga.</span></p>\r\n<p style="text-align: justify;"><span style="color: #000000;">N&ecirc;n ki&ecirc;ng hoặc hạn chế h&uacute;t thuốc l&aacute; v&igrave; n&oacute; kh&ocirc;ng tốt cho sức khỏe người bệnh.</span></p>\r\n<p style="text-align: justify;"><span style="color: #000000;">Bạn n&ecirc;n kiểm so&aacute;t c&acirc;n nặng của m&igrave;nh, kh&ocirc;ng để cơ thể b&eacute;o qu&aacute; v&igrave; n&oacute; sẽ g&acirc;y &aacute;p lực l&ecirc;n cột sống.</span></p>\r\n<p style="text-align: justify;"><span style="color: #000000;"><strong>Về luyện tập khoa học: </strong></span></p>\r\n<p style="text-align: justify;"><span style="color: #000000;">Ch&uacute;ng ta n&ecirc;n cải thiện chế độ dẻo dai của cột sống, hệ tim mạch bằng c&aacute;ch duy tr&igrave; luyện tập thể dục, thể thao đều đặn, ph&ugrave; hợp với sức lực v&agrave; thời gian của mỗi người. N&ecirc;n tập c&aacute;c b&agrave;i tập thể dục nhẹ nh&agrave;ng, đều đặn bằng c&aacute;c b&agrave;i tập aerobic, luyện yoha, bơi lội cũng rất tốt cho sức khỏe người bệnh. <strong><span style="color: #ff0000; font-size: 16px;">&gt;&gt;&gt;<span style="color: #008000;"><a style="color: #008000;" href="http://drt.zoosnet.net/LR/Chatpre.aspx?id=DRT84001515&amp;lng=en">Bạn muốn biết c&aacute;ch chữa khỏi gai xương tại ph&ograve;ng kh&aacute;m Nh&acirc;n &Aacute;i, h&atilde;y CLICK B&Aacute;C SỸ TƯ VẤN MIỄN PH&Iacute;</a></span>&lt;&lt;&lt;</span></strong></span></p>\r\n<p style="text-align: justify;"><span style="color: #000000;">Với c&aacute;c trường hợp người bệnh đ&atilde; mắc bệnh th&igrave; cần c&oacute; thời gian chữa trị, ngưng ho&agrave;n to&agrave;n c&aacute;c hoạt động thể lực để giảm vi&ecirc;m, giảm đau.</span></p>\r\n<p style="text-align: justify;"><span style="color: #000000;">B&ecirc;n cạnh đ&oacute;, khi ngồi l&agrave;m việc c&aacute;c bạn cũng lu&ocirc;n giữ cho cột sống ở tư thế đ&uacute;ng, lưng c&oacute; chỗ dựa v&agrave; phải điều chỉnh m&agrave;n h&igrave;nh, s&aacute;ch vở ngang tầm mắt, lu&acirc;n phi&ecirc;n thay đổi tư thế. Bạn kh&ocirc;ng n&ecirc;n đứng, ngồi qu&aacute; l&acirc;u ở những tư thế kh&ocirc;ng tốt như ngồi h&agrave;ng giờ&nbsp; b&ecirc;n b&agrave;n l&agrave;m việc, ngồi xem tivi l&acirc;u qu&aacute;, ngồi đọc s&aacute;ch kh&ocirc;ng đ&uacute;ng tư thế, nằm ngủ ở tư thế kh&ocirc;ng thoải m&aacute;i.</span></p>\r\n<p style="text-align: justify;"><span style="color: #000000;">Bạn cũng n&ecirc;n hạn chế l&agrave;m c&ocirc;ng việc khu&acirc;n v&aacute;c nặng, sai tư thế g&acirc;y ảnh hưởng trực tiếp đến xương khớp.</span></p>\r\n<p style="text-align: justify;"><span style="color: #000000;">Tr&ecirc;n đ&acirc;y l&agrave; những chia sẻ của c&aacute;c b&aacute;c sỹ Cơ xương khớp của Ph&ograve;ng kh&aacute;m đa khoa Nh&acirc;n &Aacute;i về c&aacute;ch ph&ograve;ng ngừa bệnh gai cột sống như thế n&agrave;o mới tốt để bạn tham khảo. C&aacute;c b&aacute;c sỹ cũng lưu &yacute; người bệnh khi thấy c&aacute;c biểu hiện của bệnh th&igrave; h&atilde;y nhanh ch&oacute;ng đến c&aacute;c cơ sở y tế chuy&ecirc;n khoa để kịp thời kh&aacute;m, x&aacute;c định nguy&ecirc;n nh&acirc;n v&agrave; c&oacute;&nbsp; c&aacute;ch chữa trị ph&ugrave; hợp. Nếu bạn đang bị những triệu chứng của gai cột sống l&agrave;m phiền, đừng ngại, h&atilde;y li&ecirc;n hệ ngay với c&aacute;c b&aacute;c sỹ chuy&ecirc;n khoa của ph&ograve;ng kh&aacute;m theo c&aacute;c c&aacute;ch sau:</span></p>', '', NULL, NULL, NULL, '2017-03-14 10:24:23', '2017-03-14 03:24:23'),
(15, 4, 4, 0, 'Biểu hiện một đĩa đệm thoát vị.', 'bieu-hien-mot-dia-dem-thoat-vi', 'bieu-hien-mot-dia-dem-thoat-vi-1489487033.jpeg', 'Tùy từng vị trí của thoát vị, mà các biểu hiện một đĩa đệm thoát vị là khác nhau. Không phải ai cũng sẽ trải nghiệm tất cả các dấu hiệu này. Các biểu hiện một đĩa đệm thoát vị thường nặng hơn sau khi ngồi hoặc đứng trong một thời gian dài. Nó có xu hướng xấu đi sau khi ho, hắt hơi hay cười. Cơn đau cũng có thể tồi tệ hơn sau khi uốn về phía sau.', '<p style="text-align: justify;">Giữa c&aacute;c đốt sống l&agrave; c&aacute;c đĩa đệm được tạo từ một loại sụn đặc biệt li&ecirc;n kết&nbsp; giữa c&aacute;c đốt xương. B&ecirc;n trong c&aacute;c v&ograve;ng đệm được gọi l&agrave; nh&acirc;n nhầy, lớp nh&acirc;n nhầy l&agrave; một chất collagen mềm cung cấp đệm cho cột sống v&agrave; c&aacute;c xương. N&oacute; cho ph&eacute;p c&aacute;c đốt sống cử động linh hoạt v&agrave; uốn cong. Khi cột sống bị tho&aacute;i h&oacute;a, lệch, trượt hoặc do m&agrave;ng đệm bị r&aacute;ch nh&acirc;n nhầy tho&aacute;t ra ch&egrave;n &eacute;p rễ thần kinh g&acirc;y đau.</p>\r\n<p style="text-align: justify;">Biểu hiện một đĩa đệm tho&aacute;t vị như: ch&acirc;n tay t&ecirc; yếu, đau buốt, cử động đau, ngứa r&acirc;m ran.</p>\r\n<p style="text-align: justify;"><span style="color: #ff0000;"><strong>Một số biểu hiện một đĩa đệm tho&aacute;t vị l&agrave; g&igrave;?</strong></span></p>\r\n<ul style="text-align: justify;">\r\n<li>Đau khi cử động cổ, h&ocirc;ng, ch&acirc;n</li>\r\n<li>Đau nh&oacute;i xuống m&ocirc;ng hoặc ch&acirc;n</li>\r\n<li>Tay ch&acirc;n tế, ngứa v&agrave; yếu</li>\r\n<li>Đau nhỏi v&ugrave;ng cổ vai g&aacute;y v&agrave; c&aacute;nh tay</li>\r\n</ul>\r\n<p style="text-align: center;">&nbsp;<img src="../../public/img/bieu-hien-thoat-vi-dia-dem-1489486903.jpeg" alt="" width="298" height="350" /></p>\r\n<p style="text-align: justify;">T&ugrave;y từng vị tr&iacute; của tho&aacute;t vị, m&agrave; c&aacute;c biểu hiện một đĩa đệm tho&aacute;t vị l&agrave; kh&aacute;c nhau. Kh&ocirc;ng phải ai cũng sẽ trải nghiệm tất cả c&aacute;c dấu hiệu n&agrave;y.&nbsp;C&aacute;c biểu hiện một đĩa đệm tho&aacute;t vị thường nặng hơn sau khi ngồi hoặc đứng trong một thời gian d&agrave;i.&nbsp;N&oacute; c&oacute; xu hướng xấu đi sau khi ho, hắt hơi hay cười.&nbsp;Cơn đau cũng c&oacute; thể tồi tệ hơn sau khi uốn về ph&iacute;a sau.</p>\r\n<p style="text-align: justify;"><span style="color: #ff0000;"><strong>Những vấn đề đĩa đệm b&igrave;nh thường như ch&uacute;ng ta gi&agrave; đi?</strong></span></p>\r\n<p style="text-align: justify;">L&atilde;o h&oacute;a v&agrave; sự căng thẳng cử cơ thể nhiều năm kh&ocirc;ng được chăm s&oacute;c dẫn đến t&igrave;nh trạng yếu k&eacute;m của hệ thống xương khớp. Số nhiều gặp phải vấn đề tại đĩa đệm. Trong một khoảng thời gian d&agrave;i c&aacute;c dấu hiệu bệnh được biểu hiện ra b&ecirc;n ngo&agrave;i bởi c&aacute;c cơn đau dữ dội. <span style="color: #ff0000; font-size: 16px;"><strong><a style="color: #ff0000;" href="http://drt.zoosnet.net/LR/Chatpre.aspx?id=DRT84001515&amp;lng=en">&gt;&gt;&gt; <span style="color: #008000;">&nbsp;Kỹ thuật điều trị tho&aacute;t vị đĩa đệm hiệu quả.Click tư vấn trực tuyến</span> &lt;&lt;&lt;</a></strong></span></p>\r\n<p style="text-align: justify;"><span style="color: #ff0000;"><strong>T&ocirc;i n&ecirc;n l&agrave;m g&igrave; nếu t&ocirc;i c&oacute; những hiện tượng?</strong></span></p>\r\n<p style="text-align: justify;">Nhiều người khi bị bệnh thương tiếp cận với một số loại thuốc giảm đau khi bị đau, nhưng những loại thuốc n&agrave;y thực hiện một số t&aacute;c dụng phụ nguy hiểm v&agrave; giải quyết c&aacute;c triệu chứng, kh&ocirc;ng phải l&agrave; nguy&ecirc;n nh&acirc;n g&acirc;y đau.&nbsp;Như vậy nỗi đau dường như sẽ trở lại.</p>\r\n<p style="text-align: justify;"><span style="color: #ff0000;"><strong>Điều trị chỉnh h&igrave;nh.</strong></span></p>\r\n<p style="text-align: justify;">Mục ti&ecirc;u của việc <strong>chữa tho&aacute;t vị đĩa đệm</strong> l&agrave; giảm đau,&nbsp;cải thiện&nbsp;tư thế v&agrave; chức năng v&agrave;&nbsp;ngăn chặn&nbsp;sự tổn thương cột sống v&agrave; rễ thần kinh.&nbsp;Th&ocirc;ng thường nguy&ecirc;n nh&acirc;n cơ bản c&oacute; thể được&nbsp; chữa khỏi&nbsp;l&agrave; chăm s&oacute;c đ&uacute;ng v&agrave; n&oacute; kh&ocirc;ng c&oacute; nghĩa l&agrave; người ta cần phải sống trong đau đớn.&nbsp;V&igrave; vậy, nếu bạn nghĩ rằng bạn đang c&oacute; biểu hiện của bệnh tho&aacute;t vị đĩa đệm hoặc bất kỳ h&igrave;nh thức đau kh&aacute;c, Ph&ograve;ng Kh&aacute;m Đa Khoa Nh&acirc;n &Aacute;i chuy&ecirc;n khoa xương khớp h&acirc;n hạnh được đề nghị để&nbsp;gi&uacute;p&nbsp;bạn đối đầu với n&oacute;!</p>', '', NULL, NULL, NULL, '2017-03-14 03:23:53', '2017-03-14 03:23:53'),
(16, 17, 6, 0, 'Những nguyên nhân gây ra chứng loãng xương', 'nhung-nguyen-nhan-gay-ra-chung-loang-xuong', 'nhung-nguyen-nhan-gay-ra-chung-loang-xuong-1489545160.jpeg', 'Loãng xương là một trong những triệu chứng điển hình thể hiện sự lão hóa của cơ thể. Loãng xương làm xương giòn, mỏng, dễ gãy gây ảnh hưởng rất lớn đến sức khỏe và cuộc sống của người bệnh. Loãng xương thường gặp nhiều ở người cao tuổi và đặc biệt là phụ nữ mãn kinh. ', '<p style="text-align: justify;">Lo&atilde;ng xương l&agrave; một trong những triệu chứng điển h&igrave;nh thể hiện sự l&atilde;o h&oacute;a của cơ thể. Lo&atilde;ng xương l&agrave;m xương gi&ograve;n, mỏng, dễ g&atilde;y g&acirc;y ảnh hưởng rất lớn đến sức khỏe v&agrave; cuộc sống của người bệnh. Lo&atilde;ng xương thường gặp nhiều ở người cao tuổi v&agrave; đặc biệt l&agrave; phụ nữ m&atilde;n kinh. Theo thống k&ecirc; hiện nay c&oacute; tới &frac12; số phụ nữ tr&ecirc;n 50 tuổi c&oacute; nguy cơ bị g&atilde;y xương cột sống, xương đ&ugrave;i v&agrave; xương cổ tay do lo&atilde;ng xương. V&agrave; nguy hiểm hơn, chứng lo&atilde;ng xương đang c&oacute; xu hướng trẻ h&oacute;a, kh&ocirc;ng &iacute;t người tr&ecirc;n 30 tuổi đ&atilde; bắt đầu c&oacute; dấu hiệu của chứng lo&atilde;ng xương. Vậy nguy&ecirc;n nh&acirc;n g&acirc;y ra chứng lo&atilde;ng xương l&agrave; g&igrave;? H&atilde;y c&ugrave;ng lắng nghe những chia sẻ từ c&aacute;c b&aacute;c sỹ chuy&ecirc;n khoa xương khớp tại ph&ograve;ng kh&aacute;m Đa khoa Nh&acirc;n &Aacute;i trong b&agrave;i viết dưới đ&acirc;y.</p>\r\n<p style="text-align: center;"><img src="../../public/img/chung-loang-xuong1-1489545032.jpeg" width="415" height="269" /></p>\r\n<p style="text-align: justify;"><span style="color: #ff0000; font-size: 16px;"><strong>Nguy&ecirc;n nh&acirc;n g&acirc;y ra chứng lo&atilde;ng xương</strong></span></p>\r\n<p style="text-align: justify;"><strong>- Thiếu c&acirc;n:</strong> Theo một số nh&agrave; khoa học nguời Anh th&igrave; những trẻ sinh ra bị thiếu c&acirc;n, thấp c&ograve;i do chế độ dinh dưỡng hoặc lối sống khi lớn l&ecirc;n sẽ rất dễ mắc chứng lo&atilde;ng xương. Hơn nữa, lo&atilde;ng xương c&ograve;n xảy ra ở những người &aacute;p dụng chế độ ăn ki&ecirc;ng kh&ocirc;ng khoa học khiến cho việc cung cấp dinh dưỡng l&agrave;m chắc xương bị thiếu hụt dẫn đến nguy cơ bị g&atilde;y xương cổ, xương h&ocirc;ng thậm ch&iacute; l&agrave; xương sống.<strong><span style="font-size: 16px; color: #ff0000;"> <a style="color: #ff0000;" href="http://drt.zoosnet.net/LR/Chatpre.aspx?id=DRT84001515&amp;lng=en">&gt;&gt;&gt; <span style="color: #008000;">Những triệu chứng của chứng lo&atilde;ng xương l&agrave; g&igrave;? Click để được tư vấn trực tuyến</span> &lt;&lt;&lt;</a></span></strong></p>\r\n<p style="text-align: justify;"><strong>- Di truyền:</strong> nếu cha mẹ được chẩn đo&aacute;n l&agrave; mắc bệnh lo&atilde;ng xương ở độ tuổi dưới 50 th&igrave; nguy cơ bị lo&atilde;ng xương, g&atilde;y xương ở đời con c&aacute;i l&agrave; rất cao. Ch&iacute;nh v&igrave; vậy cần&nbsp; phải thường xuy&ecirc;n kiểm tra c&agrave;ng sớm c&agrave;ng tốt để c&oacute; biện ph&aacute;p khắc phục v&agrave; theo d&otilde;i mật độ xương.</p>\r\n<p style="text-align: justify;"><strong>- Xương mỏng v&agrave; tỷ trọng xương thấp:</strong> trong độ tuổi khoảng 25-30 xương của ch&uacute;ng ra sẽ đạt đến tỷ trọng v&agrave; khối lượng cao nhất. Sau độ tuổi n&agrave;y tỷ trọng v&agrave; khối lượng xương gần như kh&ocirc;ng tăng nữa v&agrave; giữu nguy&ecirc;n đến năm 40 tuổi v&agrave; sẽ giảm dần khoảng 1% mỗi năm ở những năm tiếp theo. Ch&iacute;nh v&igrave; điều n&agrave;y m&agrave; ngay từ khi c&ograve;n trẻ nếu tỷ trọng v&agrave; khối lượng xương thấp th&igrave; nguy cơ bị lo&atilde;ng xương sẽ c&agrave;ng trầm trọng hơn ở thời kỳ m&atilde;n kinh.</p>\r\n<p style="text-align: center;"><img src="../../public/img/chung-loang-xuong-1489544765.jpeg" width="426" height="308" /></p>\r\n<p style="text-align: justify;"><strong>- Chu kỳ kinh nguyệt ở nữ giới:</strong> chu kỳ h&agrave;ng th&aacute;ng của nữ giới c&oacute; thể khiến h&agrave;m lượng estrogen bị giảm g&acirc;y ảnh hưởng xấu tới xương. Th&ocirc;ng thường, estrogen c&oacute; t&aacute;c dụng rất lớn trong việc tổng hợp canxi cho xương, gi&uacute;p tăng cường v&agrave; tạo sự chắc khỏe cho xương. Nhưng ở thời kỳ m&atilde;n kinh, h&agrave;m lượng estrogen giảm rất nhanh khiến cho mật độ xương cũng giảm dần khi ở độ tuổi n&agrave;y. Ch&iacute;nh v&igrave; vậy, phụ nữ l&agrave; đối tượng phải tăng cường bổ sung canxi v&agrave; vi chất kh&aacute;c từ tuổi 35 trở đi để tr&aacute;nh nguy cơ bị lo&atilde;ng xương.<span style="font-size: 16px;"><strong> <span style="color: #ff0000;"><a style="color: #ff0000;" href="http://drt.zoosnet.net/LR/Chatpre.aspx?id=DRT84001515&amp;lng=en">&gt;&gt;&gt; <span style="color: #008000;">Bạn chưa biết những t&aacute;c hại nguy hiểm của chứng lo&atilde;ng xương. Click để được tư vấn trực tuyến</span> &lt;&lt;&lt;</a></span></strong></span></p>\r\n<p style="text-align: justify;"><strong>- Corticosteroids:</strong> một trong những loại thuốc g&acirc;y lo&atilde;ng xương rất nguy hiểm nhất l&agrave; steroids. Một số loại thuốc chuy&ecirc;n trị kể cả bệnh vi&ecirc;m khớp dạng thấp ở t&igrave;nh trạng nặng. Tuy nhi&ecirc;n, nếu d&ugrave;ng thuốc n&agrave;y trong thời gian d&agrave;i sẽ l&agrave;m ảnh hưởng xấu đến xương. Trong trường hợp phải sử dụng th&igrave; n&ecirc;n đề nghị b&aacute;c sỹ k&ecirc; cho loại thuốc n&agrave;y ở liều thấp để tr&aacute;nh l&agrave;m tổn thương tới xương.</p>\r\n<p style="text-align: justify;">Tr&ecirc;n đ&acirc;y l&agrave; những chia sẻ của c&aacute;c b&aacute;c sỹ chuy&ecirc;n khoa xương khớp tại <strong>ph&ograve;ng kh&aacute;m Đa khoa Nh&acirc;n &Aacute;i</strong> về nguy&ecirc;n nh&acirc;n g&acirc;y chứng lo&atilde;ng xương. Nếu c&oacute; bất cứ thắc mắc g&igrave; về chứng lo&atilde;ng xương hay c&aacute;c bệnh xương khớp kh&aacute;c, h&atilde;y li&ecirc;n hệ với ch&uacute;ng t&ocirc;i theo thongo tin dưới đ&acirc;y để được hỗ trợ trực tuyến v&agrave; miễn ph&iacute;.</p>', '', NULL, NULL, NULL, '2017-03-14 19:32:40', '2017-03-14 19:32:40'),
(17, 17, 6, 0, 'Những tác hại nguy hiểm của chứng loãng xương', 'nhung-tac-hai-nguy-hiem-cua-chung-loang-xuong', 'nhung-tac-hai-nguy-hiem-cua-chung-loang-xuong-1489546265.jpeg', 'Loãng xương là một trong những căn bệnh nguy hiểm bởi diễn biến âm thầm và không có biểu hiện đặc biệt chính vì vậy mà thường rất khó phát hiện khi bệnh ở giai đoạn đầu. ', '<p style="text-align: justify;">Lo&atilde;ng xương l&agrave; một trong những căn bệnh nguy hiểm bởi diễn biến &acirc;m thầm v&agrave; kh&ocirc;ng c&oacute; biểu hiện đặc biệt ch&iacute;nh v&igrave; vậy m&agrave; thường rất kh&oacute; ph&aacute;t hiện khi bệnh ở giai đoạn đầu. Đến khi c&oacute; những biểu hiện bệnh ra b&ecirc;n ngo&agrave;i th&igrave; mật độ xương l&uacute;c n&agrave;y đ&atilde; giảm khoảng 30%. Cũng v&igrave; l&yacute; do n&agrave;y m&agrave; nhiều người thắc mắc về mức độ nguy hiểm của bệnh. B&agrave;i viết sau đ&acirc;y sẽ cung cấp cho bạn đọc về những t&aacute;c hại nguy hiểm của chứng lo&atilde;ng xương.</p>\r\n<p style="text-align: justify;"><span style="font-size: 16px; color: #ff0000;"><strong>Những t&aacute;c hại nguy hiểm của chứng lo&atilde;ng xương</strong></span></p>\r\n<p style="text-align: justify;">Như đ&atilde; n&oacute;i ở tr&ecirc;n, ở giai đoạn đầu của bệnh th&ocirc;ng thường thường tiến triển &acirc;m thầm v&agrave; kh&ocirc;ng c&oacute; những dấu hiệu đặc biệt n&ecirc;n rất kh&oacute; để nhận biết. Chỉ khi bệnh tiến triển nặng hoặc người bệnh bị g&atilde;y xương th&igrave; mới ph&aacute;t hiện bệnh. Khi đ&oacute; bệnh đ&atilde; trở n&ecirc;n nghi&ecirc;m trọng v&agrave; rất kh&oacute; điều trị.</p>\r\n<p style="text-align: center;"><img src="../../public/img/nhung-tac-hai-nguy-hiem-cua-chung-loang-xuong-1489545860.jpeg" width="424" height="318" /></p>\r\n<p style="text-align: justify;">Ở giai đoạn nặng, chứng lo&atilde;ng xương mang đến cho người bệnh những cơn đau nhức ở b&ecirc;n trong xương, ngo&agrave;i ra c&ograve;n khiến người bệnh cảm thấy mệt mỏi, dễ bị nứt xương, g&atilde;y xương khi va đập, g&acirc;y ảnh hưởng rất lớn đến đời sống sinh hoattj của người bệnh. Kh&ocirc;ng chỉ c&oacute; vậy, chứng lo&atilde;ng xương c&ograve;n mang lại những t&aacute;c hại nguy hiểm sau:</p>\r\n<p style="text-align: justify;"><strong>- Đau nhức xương:</strong> người bệnh lu&ocirc;n lu&ocirc;n c&oacute; cảm gi&aacute;c bị đau tại c&aacute;c đầu xương hoặc dọc theo c&aacute;c xương d&agrave;i. Ban đ&ecirc;m cơn đau c&agrave;ng tăng mạnh v&agrave; k&eacute;o d&agrave;i &acirc;m ỉ cả đ&ecirc;m khiến người bệnh kh&ocirc;ng thể ngủ y&ecirc;n giấc. <span style="font-size: 16px; color: #ff0000;"><strong><a style="color: #ff0000;" href="http://drt.zoosnet.net/LR/Chatpre.aspx?id=DRT84001515&amp;lng=en">&gt;&gt;&gt; <span style="color: #008000;">Bạn &nbsp;đang bị những triệu chứng của chứng lo&atilde;ng xương l&agrave;m phiền. Click để được tư vấn trực tuyến</span> &lt;&lt;&lt;</a></strong></span></p>\r\n<p style="text-align: justify;"><strong>- Đau tại cột sống lưng:</strong> người bị lo&atilde;ng xương bị đau nhiều tại v&ugrave;ng cột sống đặc biệt l&agrave; đau nhiều ở v&ugrave;ng thắt lưng hoặc hai b&ecirc;n mạn sườn . Ngo&agrave;i t&igrave;nh trạng bị đau cột sống, lo&atilde;ng xương c&ograve;n khiến người bệnh c&oacute; cảm gi&aacute;c bị co cứng cơ dọc theo cột sống v&agrave; giật cơ mỗi khi thay đổi tư thế.</p>\r\n<p style="text-align: justify;"><strong>- Rối loạn tư thế cột sống:</strong> chứng lo&atilde;ng xương khi ở giai đoạn nặng thường khiến đốt sống bị xẹp l&uacute;n l&agrave;m cho người bệnh bị cong, vẹo cột sống, lưng g&ugrave;, giảm chiều cao. Một số trường hợp kh&aacute;c c&ograve;n bị chuột r&uacute;t, ra mồ h&ocirc;i bất thường, c&oacute; cảm gi&aacute;c lạnh hoặc ớn lạnh&hellip;</p>\r\n<p style="text-align: center;"><img src="../../public/img/nhung-tac-hai-nguy-hiem-cua-chung-loang-xuong-1-1489546161.jpeg" width="366" height="315" /></p>\r\n<p style="text-align: justify;"><strong>- G&atilde;y xương:</strong> một trong những t&aacute;c hại nguy hiểm của chứng lo&atilde;ng xương đ&oacute; l&agrave; g&atilde;y xương. D&ugrave; chỉ l&agrave; va chạm nhẹ nhưng người bị lo&atilde;ng xương ở thể nặng c&oacute; nguy cơ g&atilde;y xương rất cao. Người bị lo&atilde;ng xương c&oacute; thể bị g&atilde;y xương tại một số vị tr&iacute; chịu nhiều &aacute;p lực của cơ thể như cột sống, xương cổ tay, cổ xương đ&ugrave;i&hellip; chỉ bởi một cơn ho nhẹ hoặc hắt x&igrave;. Những vị tr&iacute; xương dễ g&atilde;y n&agrave;y đều l&agrave; những vị tr&iacute; trọng yếu v&igrave; vậy m&agrave; việc phục hồi xương ở vị tr&iacute; ban đầu v&ocirc; c&ugrave;ng kh&oacute; khăn. Khi kh&ocirc;ng được điều trị đ&uacute;ng c&aacute;ch v&agrave; kịp thời c&oacute; thể khiến người bệnh bị t&agrave;n phế thậm ch&iacute; l&agrave; tử vong. <strong><span style="color: #ff0000; font-size: 16px;"><a style="color: #ff0000;" href="http://drt.zoosnet.net/LR/Chatpre.aspx?id=DRT84001515&amp;lng=en">&gt;&gt;&gt; <span style="color: #008000;">Phải l&agrave;m g&igrave; khi bị lo&atilde;ng xương. Click để được tư vấn trực tuyến</span> &lt;&lt;&lt;</a></span></strong></p>\r\n<p style="text-align: justify;">Ch&iacute;nh v&igrave; những t&aacute;c hại nguy hiểm của chứng lo&atilde;ng xương m&agrave; ch&uacute;ng ta n&ecirc;n c&oacute; những biện ph&aacute;p ph&ograve;ng ngừa lo&atilde;ng xương ngay từ ban đầu. Ngo&agrave;i ra, n&ecirc;n đi kh&aacute;m sức khỏe định kỳ để ph&aacute;t hiện v&agrave; điều trị bệnh một c&aacute;ch nhanh ch&oacute;ng v&agrave; kịp thời nhất. Khi đ&atilde; c&oacute; những biểu hiện, triệu chứng của bệnh h&atilde;y đến ngay cơ sở y tế để được hỗ trợ tư vấn v&agrave; điều trị kịp thời tr&aacute;nh những t&aacute;c hại nguy hiểm của chứng lo&atilde;ng xương mang lại.</p>', '', NULL, NULL, NULL, '2017-03-14 19:51:05', '2017-03-14 19:51:05');

-- --------------------------------------------------------

--
-- Table structure for table `setting`
--

CREATE TABLE `setting` (
  `id` bigint(20) UNSIGNED NOT NULL,
  `user_id` bigint(20) UNSIGNED NOT NULL,
  `web_icon` varchar(255) DEFAULT NULL,
  `web_logo` varchar(255) DEFAULT NULL,
  `web_name` varchar(255) DEFAULT NULL,
  `web_description` text,
  `web_keyword` text,
  `created_at` timestamp NOT NULL DEFAULT CURRENT_TIMESTAMP ON UPDATE CURRENT_TIMESTAMP,
  `updated_at` timestamp NOT NULL DEFAULT '0000-00-00 00:00:00'
) ENGINE=InnoDB DEFAULT CHARSET=utf8;

--
-- Dumping data for table `setting`
--

INSERT INTO `setting` (`id`, `user_id`, `web_icon`, `web_logo`, `web_name`, `web_description`, `web_keyword`, `created_at`, `updated_at`) VALUES
(1, 1, '1488939922.png', '1488939847.png', 'Khoa xương khớp - Phòng khám Nhân Ái', 'Chuyên chữa các bệnh về xương khớp', 'Chuyên chữa các bệnh về xương khớp', '2017-03-08 02:25:22', '2017-03-07 19:25:22');

-- --------------------------------------------------------

--
-- Table structure for table `term`
--

CREATE TABLE `term` (
  `id` bigint(20) UNSIGNED NOT NULL,
  `user_id` bigint(20) UNSIGNED NOT NULL,
  `term_id` bigint(20) UNSIGNED NOT NULL,
  `term_name` varchar(255) NOT NULL,
  `term_alias` varchar(255) NOT NULL,
  `term_order` int(11) NOT NULL,
  `term_description` text,
  `term_keyword` text,
  `term_comment` longtext,
  `term_view` longtext,
  `created_at` timestamp NULL DEFAULT NULL,
  `updated_at` timestamp NULL DEFAULT NULL
) ENGINE=InnoDB DEFAULT CHARSET=utf8;

--
-- Dumping data for table `term`
--

INSERT INTO `term` (`id`, `user_id`, `term_id`, `term_name`, `term_alias`, `term_order`, `term_description`, `term_keyword`, `term_comment`, `term_view`, `created_at`, `updated_at`) VALUES
(1, 1, 0, 'Khoa cột sống', 'khoa-cot-song', 0, 'khoa cột sống chữa các bệnh về viêm cột sống', 'khoa cột sống, viêm cột sống', NULL, NULL, '2017-02-21 20:47:53', '2017-02-23 02:01:18'),
(2, 1, 1, 'Bệnh đốt sống cổ', 'benh-dot-song-co', 0, NULL, NULL, NULL, NULL, '2017-02-21 20:51:03', '2017-02-21 20:51:03'),
(3, 1, 1, 'Bệnh đốt sống lưng', 'benh-dot-song-lung', 0, NULL, NULL, NULL, NULL, '2017-02-21 20:51:40', '2017-02-21 20:51:40'),
(4, 1, 1, 'Thoát vị đĩa đệm đốt sống lưng', 'thoat-vi-dia-dem-dot-song-lung', 0, NULL, NULL, NULL, NULL, '2017-02-22 00:50:01', '2017-02-22 00:50:01'),
(5, 1, 1, 'Hẹp ống sống', 'hep-ong-song', 0, NULL, NULL, NULL, NULL, '2017-02-22 00:50:26', '2017-02-22 00:50:26'),
(6, 1, 0, 'Khoa khớp', 'khoa-khop', 0, NULL, NULL, NULL, NULL, '2017-02-22 00:50:41', '2017-02-22 00:50:41'),
(7, 1, 6, 'Viêm khớp gối', 'viem-khop-goi', 0, NULL, NULL, NULL, NULL, '2017-02-22 00:51:01', '2017-02-22 00:51:01'),
(8, 1, 6, 'Viêm khớp vai', 'viem-khop-vai', 0, NULL, NULL, NULL, NULL, '2017-02-22 00:51:17', '2017-02-22 03:20:02'),
(10, 1, 6, 'Viêm màng hoạt dịch', 'viem-mang-hoat-dich', 0, NULL, NULL, NULL, NULL, '2017-02-22 03:20:16', '2017-02-22 03:20:16'),
(11, 1, 6, 'Hoại tử chỏm xương đùi', 'hoai-tu-chom-xuong-dui', 0, NULL, NULL, NULL, NULL, '2017-02-22 03:20:35', '2017-02-22 03:20:35'),
(12, 1, 6, 'Viêm xương khớp', 'viem-xuong-khop', 0, NULL, NULL, NULL, NULL, '2017-02-22 03:20:49', '2017-02-22 03:20:49'),
(13, 1, 0, 'Khoa đau dây thần kinh cột sống', 'khoa-dau-day-than-kinh-cot-song', 0, NULL, NULL, NULL, NULL, '2017-02-22 03:21:34', '2017-02-22 03:21:34'),
(14, 1, 13, 'Đau cổ vai lưng chân ', 'dau-co-vai-lung-chan', 0, NULL, NULL, NULL, NULL, '2017-02-22 03:21:55', '2017-02-22 03:21:55'),
(15, 1, 13, 'Viêm cơ mạc', 'viem-co-mac', 0, NULL, NULL, NULL, NULL, '2017-02-22 03:22:13', '2017-02-22 03:22:13'),
(16, 1, 13, 'Đau thần kinh tọa', 'dau-than-kinh-toa', 0, NULL, NULL, NULL, NULL, '2017-02-22 03:22:33', '2017-02-22 03:22:33'),
(17, 1, 13, 'Chứng loãng xương', 'chung-loang-xuong', 0, NULL, NULL, NULL, NULL, '2017-02-22 03:22:54', '2017-02-22 03:22:54'),
(18, 1, 13, 'Gai xương ', 'gai-xuong', 0, NULL, NULL, NULL, NULL, '2017-02-22 03:23:07', '2017-02-22 03:23:07'),
(19, 1, 13, 'Đau gót chân', 'dau-got-chan', 0, NULL, NULL, NULL, NULL, '2017-02-22 03:23:22', '2017-02-22 03:23:22'),
(20, 1, 0, 'Khoa ngoại tay chân', 'khoa-ngoai-tay-chan', 0, '', '', NULL, NULL, '2017-02-22 03:23:49', '2017-02-26 18:08:36'),
(21, 1, 20, 'Viêm bao gân', 'viem-bao-gan', 0, NULL, NULL, NULL, NULL, '2017-02-22 03:24:01', '2017-02-22 03:24:01'),
(22, 1, 20, 'Viêm gân gót chân', 'viem-gan-got-chan', 0, NULL, NULL, NULL, NULL, '2017-02-22 03:24:25', '2017-02-22 03:24:25'),
(23, 1, 0, 'Khoa thấp khớp', 'khoa-thap-khop', 0, NULL, NULL, NULL, NULL, '2017-02-22 03:24:47', '2017-02-22 03:24:47'),
(24, 1, 23, 'Viêm khớp dạng thấp', 'viem-khop-dang-thap', 0, NULL, NULL, NULL, NULL, '2017-02-22 03:25:05', '2017-02-22 03:25:05'),
(25, 1, 23, 'Viêm khớp phong thấp', 'viem-khop-phong-thap', 0, NULL, NULL, NULL, NULL, '2017-02-22 03:25:16', '2017-02-22 03:25:16'),
(26, 1, 23, 'Bệnh gút', 'benh-gut', 0, NULL, NULL, NULL, NULL, '2017-02-22 03:25:27', '2017-02-22 03:25:27'),
(27, 1, 23, 'Viêm cột sống dính khớp', 'viem-cot-song-dinh-khop', 0, NULL, 'Viêm cột sống dính khớp, viêm khớp', NULL, NULL, '2017-02-22 03:25:38', '2017-02-22 18:14:33'),
(28, 1, 0, 'Kỹ thuật chuyên nghiệp ', 'ky-thuat-chuyen-nghiep', 0, NULL, NULL, NULL, NULL, '2017-02-22 03:26:02', '2017-02-22 03:26:02'),
(29, 1, 0, 'Trường hợp hồi phục ', 'truong-hop-hoi-phuc', 0, NULL, NULL, NULL, NULL, '2017-02-22 03:26:12', '2017-02-22 03:26:12'),
(30, 1, 0, 'Phòng khám Nhân Việt', 'phong-kham-nhan-viet', 0, '', '', NULL, NULL, '2017-02-22 20:58:07', '2017-03-14 20:28:15');

-- --------------------------------------------------------

--
-- Table structure for table `user`
--

CREATE TABLE `user` (
  `id` bigint(20) UNSIGNED NOT NULL,
  `username` varchar(255) NOT NULL,
  `password` varchar(255) NOT NULL,
  `user_avatar` varchar(255) DEFAULT NULL,
  `user_name` varchar(255) DEFAULT NULL,
  `user_email` varchar(255) DEFAULT NULL,
  `user_group` varchar(255) NOT NULL,
  `user_block` tinyint(4) NOT NULL DEFAULT '0',
  `created_at` timestamp NOT NULL DEFAULT CURRENT_TIMESTAMP ON UPDATE CURRENT_TIMESTAMP,
  `updated_at` timestamp NOT NULL DEFAULT '0000-00-00 00:00:00'
) ENGINE=InnoDB DEFAULT CHARSET=utf8;

--
-- Dumping data for table `user`
--

INSERT INTO `user` (`id`, `username`, `password`, `user_avatar`, `user_name`, `user_email`, `user_group`, `user_block`, `created_at`, `updated_at`) VALUES
(1, 'admin', '$2y$10$.gf0KdHQ45/0iaEjhxW4yO7DS8rlAYK4P4LS0dOAqxsxMFMFiIMIG', 'pham-van-truong-1487748942.jpeg', 'Trường', 'truongbuon@hotmail.com', 'admin', 0, '2017-03-03 08:34:28', '2017-03-03 01:34:28'),
(2, 'user', '$2y$10$.gf0KdHQ45/0iaEjhxW4yO7DS8rlAYK4P4LS0dOAqxsxMFMFiIMIG', 'pham-thanh-thuy-1487754937.jpeg', 'Thúy', 'vantruong3289@gmail.com', 'bien-tap', 0, '2017-03-07 05:00:39', '2017-03-06 22:00:39'),
(3, 'seo', '$2y$10$.gf0KdHQ45/0iaEjhxW4yO7DS8rlAYK4P4LS0dOAqxsxMFMFiIMIG', NULL, 'Nhường', 'nhuong_xinh@gmail.com', 'seo', 1, '2017-03-03 09:25:27', '2017-03-03 02:25:27'),
(4, 'nga', '$2y$10$5BZpRSJ7tycdY16Ym2axi.MP2QlhPuGP81CKN6NMB16wmXcus.5SS', NULL, 'nga', NULL, 'bien-tap', 0, '2017-03-13 19:28:24', '2017-03-13 19:28:24'),
(5, 'lan', '$2y$10$CInTplXe.ZVcPDiUrM/Aseak1cOWQwXT0tXwIm8zI25y15umhJNtS', NULL, 'lan', NULL, 'bien-tap', 0, '2017-03-15 01:57:04', '2017-03-14 18:57:04'),
(6, 'hanh', '$2y$10$/V2P6xhmOBOJ9XiQ7ee8jOkNU3T9MS.TS/Giw3YqafDhMUtg4Ibpu', NULL, 'Hanh', NULL, 'bien-tap', 0, '2017-03-14 18:55:52', '2017-03-14 18:55:52');

-- --------------------------------------------------------

--
-- Table structure for table `view`
--

CREATE TABLE `view` (
  `id` bigint(20) UNSIGNED NOT NULL,
  `post_id` bigint(20) UNSIGNED DEFAULT NULL,
  `term_id` bigint(20) DEFAULT NULL,
  `view_sum` int(11) UNSIGNED NOT NULL DEFAULT '0',
  `created_at` timestamp NOT NULL DEFAULT CURRENT_TIMESTAMP ON UPDATE CURRENT_TIMESTAMP,
  `updated_at` timestamp NOT NULL DEFAULT '0000-00-00 00:00:00'
) ENGINE=InnoDB DEFAULT CHARSET=utf8;

--
-- Dumping data for table `view`
--

INSERT INTO `view` (`id`, `post_id`, `term_id`, `view_sum`, `created_at`, `updated_at`) VALUES
(1, 3, NULL, 23, '2017-03-15 03:47:57', '2017-03-14 20:47:57'),
(2, NULL, 1, 15, '2017-03-15 03:47:01', '2017-03-14 20:47:01'),
(3, NULL, 2, 4, '2017-03-14 18:52:08', '2017-03-14 11:52:08'),
(4, NULL, 30, 2, '2017-03-15 02:30:50', '2017-03-14 19:30:50'),
(5, 2, NULL, 37, '2017-03-15 03:53:09', '2017-03-14 20:53:09'),
(6, NULL, 12, 2, '2017-03-15 03:53:16', '2017-03-14 20:53:16'),
(7, NULL, 29, 6, '2017-03-15 02:42:16', '2017-03-14 19:42:16'),
(8, NULL, 16, 1, '2017-02-28 20:51:26', '2017-02-28 20:51:26'),
(9, NULL, 28, 14, '2017-03-15 03:28:45', '2017-03-14 20:28:45'),
(10, NULL, 7, 4, '2017-03-14 18:52:11', '2017-03-14 11:52:11'),
(11, NULL, 4, 31, '2017-03-15 04:01:22', '2017-03-14 21:01:22'),
(12, NULL, 21, 1, '2017-03-07 20:51:31', '2017-03-07 20:51:31'),
(13, NULL, 27, 1, '2017-03-08 08:51:07', '2017-03-08 08:51:07'),
(14, NULL, 5, 2, '2017-03-14 18:52:06', '2017-03-14 11:52:06'),
(15, NULL, 15, 1, '2017-03-09 21:57:17', '2017-03-09 21:57:17'),
(16, NULL, 6, 1, '2017-03-11 18:16:39', '2017-03-11 18:16:39'),
(17, NULL, 18, 30, '2017-03-15 03:53:21', '2017-03-14 20:53:21'),
(18, NULL, 11, 2, '2017-03-14 18:52:17', '2017-03-14 11:52:17'),
(19, NULL, 13, 2, '2017-03-15 02:41:10', '2017-03-14 19:41:10'),
(20, NULL, 25, 1, '2017-03-12 23:23:37', '2017-03-12 23:23:37'),
(21, 4, NULL, 1, '2017-03-13 20:26:14', '2017-03-13 20:26:14'),
(22, 6, NULL, 1, '2017-03-13 20:36:01', '2017-03-13 20:36:01'),
(23, 5, NULL, 2, '2017-03-14 03:37:59', '2017-03-13 20:37:59'),
(24, 7, NULL, 12, '2017-03-15 02:32:16', '2017-03-14 19:32:16'),
(25, 8, NULL, 2, '2017-03-14 09:35:00', '2017-03-14 02:35:00'),
(26, 9, NULL, 13, '2017-03-15 03:45:37', '2017-03-14 20:45:37'),
(27, 10, NULL, 3, '2017-03-15 02:15:40', '2017-03-14 19:15:40'),
(28, 11, NULL, 8, '2017-03-15 01:40:19', '2017-03-14 18:40:19'),
(29, 13, NULL, 1, '2017-03-14 03:05:35', '2017-03-14 03:05:35'),
(30, 14, NULL, 5, '2017-03-15 01:53:15', '2017-03-14 18:53:15'),
(31, 15, NULL, 3, '2017-03-15 01:38:24', '2017-03-14 18:38:24'),
(32, NULL, 3, 1, '2017-03-14 11:52:09', '2017-03-14 11:52:09'),
(33, NULL, 8, 1, '2017-03-14 11:52:13', '2017-03-14 11:52:13'),
(34, NULL, 10, 1, '2017-03-14 11:52:15', '2017-03-14 11:52:15'),
(35, NULL, 14, 2, '2017-03-15 02:42:13', '2017-03-14 19:42:13'),
(36, 12, NULL, 4, '2017-03-15 03:55:31', '2017-03-14 20:55:31'),
(37, NULL, 17, 3, '2017-03-15 03:49:30', '2017-03-14 20:49:30'),
(38, 16, NULL, 2, '2017-03-15 02:40:54', '2017-03-14 19:40:54'),
(39, 17, NULL, 4, '2017-03-15 03:49:09', '2017-03-14 20:49:09');

--
-- Indexes for dumped tables
--

--
-- Indexes for table `media`
--
ALTER TABLE `media`
  ADD PRIMARY KEY (`id`);

--
-- Indexes for table `post`
--
ALTER TABLE `post`
  ADD PRIMARY KEY (`id`);

--
-- Indexes for table `setting`
--
ALTER TABLE `setting`
  ADD PRIMARY KEY (`id`);

--
-- Indexes for table `term`
--
ALTER TABLE `term`
  ADD PRIMARY KEY (`id`);

--
-- Indexes for table `user`
--
ALTER TABLE `user`
  ADD PRIMARY KEY (`id`);

--
-- Indexes for table `view`
--
ALTER TABLE `view`
  ADD PRIMARY KEY (`id`);

--
-- AUTO_INCREMENT for dumped tables
--

--
-- AUTO_INCREMENT for table `media`
--
ALTER TABLE `media`
  MODIFY `id` bigint(20) UNSIGNED NOT NULL AUTO_INCREMENT, AUTO_INCREMENT=33;
--
-- AUTO_INCREMENT for table `post`
--
ALTER TABLE `post`
  MODIFY `id` bigint(20) UNSIGNED NOT NULL AUTO_INCREMENT, AUTO_INCREMENT=18;
--
-- AUTO_INCREMENT for table `setting`
--
ALTER TABLE `setting`
  MODIFY `id` bigint(20) UNSIGNED NOT NULL AUTO_INCREMENT, AUTO_INCREMENT=2;
--
-- AUTO_INCREMENT for table `term`
--
ALTER TABLE `term`
  MODIFY `id` bigint(20) UNSIGNED NOT NULL AUTO_INCREMENT, AUTO_INCREMENT=31;
--
-- AUTO_INCREMENT for table `user`
--
ALTER TABLE `user`
  MODIFY `id` bigint(20) UNSIGNED NOT NULL AUTO_INCREMENT, AUTO_INCREMENT=7;
--
-- AUTO_INCREMENT for table `view`
--
ALTER TABLE `view`
  MODIFY `id` bigint(20) UNSIGNED NOT NULL AUTO_INCREMENT, AUTO_INCREMENT=40;
/*!40101 SET CHARACTER_SET_CLIENT=@OLD_CHARACTER_SET_CLIENT */;
/*!40101 SET CHARACTER_SET_RESULTS=@OLD_CHARACTER_SET_RESULTS */;
/*!40101 SET COLLATION_CONNECTION=@OLD_COLLATION_CONNECTION */;
